TICKER;PRECO;DY;P/L;P/VP;P/ATIVOS;MARGEM BRUTA;MARGEM EBIT;MARG. LIQUIDA;P/EBIT;EV/EBIT;DIVIDA LIQUIDA / EBIT;DIV. LIQ. / PATRI.;PSR;P/CAP. GIRO;P. AT CIR. LIQ.;LIQ. CORRENTE;ROE;ROA;ROIC;PATRIMONIO / ATIVOS;PASSIVOS / ATIVOS;GIRO ATIVOS;CAGR RECEITAS 5 ANOS;CAGR LUCROS 5 ANOS; LIQUIDEZ MEDIA DIARIA; VPA; LPA; PEG Ratio; VALOR DE MERCADO
AALR3;9,01;0,97;-10,94;0,87;0,42;17,80;-0,98;-10,49;-116,83;-179,64;-61,90;0,46;1,15;11,53;-0,54;1,19;-7,96;-3,83;-1,41;0,48;0,52;0,37;5,83;;7.518.776,96;10,34;-0,82;0,03;1.074.098.769,28
ABCB4;14,51;4,89;9,95;0,75;0,07;1,96;-1,80;5,46;-30,19;-30,10;;;0,54;0,74;-0,09;3,23;7,51;0,74;;0,10;0,90;0,14;1,17;-2,60;12.115.532,04;19,41;1,46;-0,28;3.196.290.845,49
ABEV3;15,19;3,22;21,05;3,19;1,91;53,64;27,29;19,49;15,04;14,13;-0,88;-0,19;4,10;128,47;-2,67;1,06;15,14;9,09;17,72;0,60;0,40;0,47;4,56;-1,85;355.924.370,60;4,77;0,72;-6,19;239.079.105.757,38
ADHM3;1,56;;-4,09;-1,29;105,12;100,00;-13.548,48;-18.860,61;-5,69;-5,69;0,00;;770,90;-1,43;-116,16;0,00;-31,47;-2.571,90;22,61;-81,72;82,72;0,14;;;94.201,44;-1,21;-0,38;-0,58;25.439.770,20
AERI3;8,46;;57,26;6,71;2,73;11,13;9,30;5,13;31,55;33,93;2,23;0,47;2,93;8,94;-9,22;1,77;11,72;4,78;9,41;0,41;0,59;0,93;;;38.989.669,08;1,26;0,15;2,08;6.512.814.376,00
AESB3;16,67;;;13.330.157,77;13.330.157,77;;;;;;;-1,00;;13.330.157,77;;;0,00;0,00;;1,00;0,00;0,00;;;26.584.441,64;0,00;0,00;;6.681.043.144,80
AFLT3;9,27;7,80;31,26;3,12;2,81;64,85;53,36;52,07;30,50;28,32;-1,59;-0,16;16,28;12,15;-3,83;7,91;9,98;9,00;9,27;0,90;0,10;0,17;5,56;8,17;14.318,44;2,97;0,30;-1,21;573.439.923,00
AGRO3;23,71;2,99;9,97;1,74;0,95;30,80;22,06;24,23;10,95;13,75;2,79;0,44;2,42;8,03;-1,39;1,61;17,40;9,55;9,06;0,55;0,45;0,39;13,49;-7,94;10.688.816,24;13,66;2,38;0,97;1.949.156.105,74
AHEB3;21,90;;-7,82;51,80;0,62;26,77;-5,66;-11,20;-15,48;-11,33;4,21;-14,09;0,88;-5,85;-0,85;0,72;-662,49;-7,88;-334,66;0,01;0,99;0,70;1,88;;8.601,50;0,42;-2,80;0,18;187.804.965,30
AHEB5;20,01;;-7,14;47,33;0,56;26,77;-5,66;-11,20;-14,14;-11,33;4,21;-14,09;0,80;-5,34;-0,77;0,72;-662,49;-7,88;-334,66;0,01;0,99;0,70;1,88;;4.500,00;0,42;-2,80;0,16;187.804.965,30
AHEB6;27,00;;-9,64;63,87;0,76;26,77;-5,66;-11,20;-19,08;-11,33;4,21;-14,09;1,08;-7,21;-1,04;0,72;-662,49;-7,88;-334,66;0,01;0,99;0,70;1,88;;5.400,00;0,42;-2,80;0,22;187.804.965,30
ALPA3;32,28;;133,81;6,21;3,90;52,34;8,15;4,17;68,39;71,84;-1,64;-0,15;5,58;13,38;-8,79;2,10;4,64;2,91;8,16;0,63;0,37;0,70;-3,59;-13,58;46.151,16;5,13;0,24;-2,74;20.152.415.439,07
ALPA4;36,65;;153,73;7,14;4,48;52,34;8,15;4,17;78,58;71,84;-1,64;-0,15;6,41;15,37;-10,09;2,10;4,64;2,91;8,16;0,63;0,37;0,70;-3,59;-13,58;52.417.322,52;5,13;0,24;-3,15;20.152.415.439,07
ALPK3;8,04;;-9,11;2,27;0,58;25,38;1,26;-26,33;190,20;363,88;175,57;2,09;2,40;-2,56;-0,62;0,25;-24,89;-6,34;0,30;0,25;0,75;0,24;;;250.537,92;3,55;-0,88;-0,03;1.542.418.003,76
ALSO3;27,47;;43,18;0,96;0,67;66,20;40,15;21,20;22,80;18,63;-4,32;-0,18;9,15;5,12;-0,81;4,37;2,22;1,55;3,37;0,70;0,30;0,07;19,22;-0,15;37.724.277,80;28,66;0,64;0,06;7.351.275.039,48
ALUP11;25,94;2,66;8,07;0,85;0,34;56,04;54,04;15,34;2,29;4,40;2,09;0,77;1,24;4,24;-0,41;1,78;10,53;4,17;14,02;0,40;0,60;0,27;32,68;29,19;17.063.353,60;30,52;3,21;1,39;7.657.059.152,99
ALUP3;8,75;2,63;8,17;0,86;0,34;56,04;54,04;15,34;2,32;4,40;2,09;0,77;1,25;4,29;-0,42;1,78;10,53;4,17;14,02;0,40;0,60;0,27;32,68;29,19;89.296,88;10,17;1,07;1,40;7.657.059.152,99
ALUP4;8,61;2,66;8,07;0,85;0,34;56,04;54,04;15,34;2,29;4,40;2,09;0,77;1,24;4,24;-0,41;1,78;10,53;4,17;14,02;0,40;0,60;0,27;32,68;29,19;152.547,04;10,17;1,07;1,39;7.657.059.152,99
AMAR3;5,46;;;1,44;0,42;37,31;-13,69;0,00;-4,87;-8,02;-3,14;0,93;0,67;4,40;-0,90;1,22;0,00;0,00;-12,12;0,29;0,71;0,64;-7,53;;19.787.679,44;3,79;0,00;;1.428.700.394,94
AMBP3;25,92;;65,71;2,40;1,79;22,63;18,40;6,39;22,81;19,86;-2,98;-0,31;4,20;4,20;-3,79;5,23;3,66;2,73;7,27;0,75;0,25;0,43;;;8.103.034,08;10,85;0,40;1,55;2.948.748.202,68
ANDG3B;28,82;;59,95;2,23;1,88;47,12;179,06;45,82;15,34;8,60;0,93;0,13;27,47;-25,32;-1,93;0,26;3,71;3,14;12,68;0,85;0,15;0,07;10,22;-23,32;;12,94;0,48;-0,78;1.651.867.985,68
ANDG4B;0,00;;0,00;0,00;0,00;47,12;179,06;45,82;0,00;8,60;0,93;0,13;0,00;0,00;0,00;0,26;3,71;3,14;12,68;0,85;0,15;0,07;10,22;-23,32;;12,94;0,48;0,00;1.651.867.985,68
ANIM3;10,60;;-104,14;1,69;0,93;51,80;8,31;-2,89;36,22;36,35;0,33;0,02;3,01;2,57;-1,73;4,78;-1,63;-0,90;2,96;0,55;0,45;0,31;11,24;;31.017.823,96;6,26;-0,10;-0,32;4.256.777.204,70
APER3;52,09;0,10;-860,18;3,36;1,99;100,00;-3,21;-0,67;-178,95;-167,65;13,33;-0,25;5,74;21,05;-2,62;1,64;-0,39;-0,23;-2,91;0,59;0,41;0,35;-11,42;;4.165.811,24;15,49;-0,06;6,73;603.740.247,06
APTI3;197,64;;0,07;0,01;0,01;29,60;283,02;228,44;0,06;0,62;-0,06;-0,01;0,16;0,04;-0,01;2,49;20,23;10,93;19,81;0,54;0,46;0,05;-22,74;84,17;;14.055,55;2.843,13;0,00;44.442.750,00
APTI4;3.500,00;;1,23;0,25;0,13;29,60;283,02;228,44;0,99;0,62;-0,06;-0,01;2,81;0,75;-0,19;2,49;20,23;10,93;19,81;0,54;0,46;0,05;-22,74;84,17;;14.055,55;2.843,13;0,00;44.442.750,00
ARZZ3;72,13;0,74;147,28;5,31;2,53;47,47;5,79;3,05;77,69;77,92;0,79;0,05;4,50;10,95;-5,64;1,72;3,60;1,72;4,34;0,48;0,52;0,56;7,26;-16,50;47.261.279,48;13,54;0,49;-2,10;7.103.719.818,20
ASAI3;77,29;;;14,68;1,10;;;;;;;3,05;;-55,33;-1,98;0,96;0,00;0,00;;0,07;0,93;0,00;;;137.355.678,12;5,25;0,00;;20.706.006.909,72
ATMP3;4,82;;-0,55;0,71;0,07;1,81;-15,64;-22,72;-0,80;-2,58;-1,77;1,56;0,13;-0,35;-0,08;0,48;-128,42;-12,05;-33,09;0,09;0,91;0,53;-16,98;;1.186.141,32;6,74;-8,66;0,01;119.976.204,48
ATOM3;9,75;;16,53;14,02;7,48;100,00;32,02;40,02;20,66;19,07;-1,50;-1,02;6,61;8,97;-343,62;6,76;84,86;45,26;63,27;0,53;0,47;1,13;;;6.042.708,28;0,70;0,59;0,03;202.929.231,74
AURA33;57,30;7,99;2,87;0,68;0,40;41,37;29,34;24,52;2,40;1,86;-0,54;-0,15;0,70;2,20;-0,67;1,80;23,69;13,82;21,76;0,58;0,42;0,56;;;14.945.315,76;84,26;19,96;0,01;1.105.175.182,50
AVLL3;23,25;;-1,70;1,31;0,23;-34,97;-167,68;-170,20;-1,72;-3,81;-2,10;1,60;2,89;1,64;-0,39;1,50;-77,32;-13,36;-22,16;0,17;0,83;0,08;;;209.983,56;17,70;-13,68;0,05;515.563.262,00
AZEV3;6,03;;-1,00;-506,52;1.907,85;1.622,59;3.562,68;5.901,50;-1,65;-1,20;0,00;;;-1.030,44;-5.063,39;0,25;-50.725,37;-191.061,17;50.838,86;-3,77;4,77;-32,38;-84,53;;335.496,00;-0,01;-6,15;-0,02;88.176.000,00
AZEV4;3,57;;-0,58;-295,33;1.112,39;1.622,59;3.562,68;5.901,50;-0,96;-1,20;0,00;;;-600,81;-2.952,27;0,25;-50.725,37;-191.061,17;50.838,86;-3,77;4,77;-32,38;-84,53;;544.012,16;-0,01;-6,15;-0,01;88.176.000,00
AZUL4;39,95;;-4,64;-3,55;3,18;4,97;-24,36;-188,62;-35,91;-38,86;-3,00;;8,75;-10,48;-4,84;0,53;-76,58;-68,60;24,18;-0,90;1,90;0,36;-1,70;;343.176.987,08;-11,22;-8,59;-0,01;50.159.663.225,78
B3SA3;54,45;4,77;26,73;4,53;2,40;89,87;60,06;44,52;19,81;18,34;-1,51;-0,34;11,90;14,95;-3,80;1,77;16,93;8,96;13,42;0,53;0,47;0,20;33,29;13,50;934.266.345,36;12,01;2,03;0,50;111.207.320.000,00
BAHI3;72,00;;-3,52;0,87;0,27;38,67;-11,71;-23,37;-7,02;-7,40;-0,38;0,05;0,82;-1,70;-0,30;0,40;-24,59;-7,61;-12,58;0,31;0,69;0,33;;;58.259,05;83,20;-20,46;-0,01;161.457.048,00
BALM3;18,26;6,81;9,97;1,40;0,79;50,03;10,60;10,45;9,83;8,33;-0,75;-0,11;1,04;2,55;-2,01;2,05;14,05;7,94;8,91;0,57;0,43;0,76;7,78;1,84;25.728,61;12,37;1,74;0,06;156.849.000,00
BALM4;14,80;7,97;8,52;1,20;0,68;50,03;10,60;10,45;8,40;8,33;-0,75;-0,11;0,89;2,18;-1,71;2,05;14,05;7,94;8,91;0,57;0,43;0,76;7,78;1,84;34.895,86;12,37;1,74;0,05;156.849.000,00
BAUH4;90,00;0,95;20,06;5,12;3,16;23,26;12,97;12,28;18,99;17,98;-1,02;-0,27;2,46;43,52;-5,55;1,20;25,52;15,74;19,16;0,62;0,38;1,28;10,90;33,53;61.259,72;17,59;4,49;-1,57;469.999.980,00
BAZA3;40,00;8,96;4,47;0,49;0,06;37,94;42,64;27,94;2,93;2,93;;;1,25;2,35;-0,06;;10,99;1,28;;0,12;0,88;0,05;-8,12;1,30;50.462,72;81,52;8,96;-1,26;1.185.838.680,00
BBAS3;29,68;4,85;6,80;0,73;0,05;17,25;7,58;10,28;9,22;9,23;;;0,70;0,51;-0,05;33,26;10,72;0,70;;0,07;0,93;0,07;-11,56;-3,39;564.790.603,20;40,74;4,37;-0,20;85.160.193.834,40
BBDC3;22,83;2,65;12,24;1,41;0,15;-2,98;0,53;20,72;478,56;511,06;;;2,54;1,17;-0,17;11,43;11,51;1,21;;0,10;0,90;0,06;-3,00;-2,54;140.949.326,04;16,20;1,87;-0,56;216.255.784.560,84
BBDC4;25,94;2,56;13,91;1,60;0,17;-2,98;0,53;20,72;543,76;511,06;;;2,88;1,32;-0,19;11,43;11,51;1,21;;0,10;0,90;0,06;-3,00;-2,54;1.275.197.198,52;16,20;1,87;-0,64;216.255.784.560,84
BBML3;3.936,42;0,00;18.030,31;1.258,08;197,00;12,19;3,42;0,89;4.685,13;4.692,25;7,12;1,91;160,13;-3.731,96;-319,55;0,88;6,98;1,09;8,23;0,16;0,84;1,23;45,38;25,57;;3,13;0,22;-511,34;160.451.699.191,56
BBRK3;1,71;;-0,76;-3,23;0,66;62,65;-171,31;-175,32;-0,78;-0,56;0,22;;1,33;-5,82;-0,91;0,71;-426,12;-86,80;418,72;-0,20;1,20;0,50;-9,38;;911.089,84;-0,53;-2,27;-0,01;134.289.419,04
BBSE3;24,00;5,64;12,43;7,49;4,39;;;;10,01;10,03;;;;62,54;-6,58;1,27;60,27;35,33;;0,59;0,41;0,00;;-1,76;194.545.830,80;3,19;1,93;-0,29;47.980.000.000,00
BDLL3;8,17;;-0,20;-0,08;0,02;-86,74;-295,31;-321,27;-0,22;-4,27;-4,04;;0,64;-0,06;-0,03;0,52;-40,12;-9,88;-86,38;-0,25;1,25;0,03;-46,07;;143.847,05;-101,97;-40,91;0,00;13.901.441,52
BDLL4;9,14;;-0,22;-0,09;0,02;-86,74;-295,31;-321,27;-0,24;-4,27;-4,04;;0,72;-0,06;-0,04;0,52;-40,12;-9,88;-86,38;-0,25;1,25;0,03;-46,07;;75.910,29;-101,97;-40,91;0,00;13.901.441,52
BEEF3;10,13;2,96;7,99;6,63;0,33;19,76;9,24;3,59;3,11;6,01;2,89;6,17;0,29;1,14;-0,99;1,76;82,98;4,12;13,90;0,05;0,95;1,15;15,30;;96.315.784,96;1,53;1,27;0,00;5.600.645.061,86
BEES3;4,89;4,21;6,66;0,90;0,05;50,63;23,67;14,58;4,10;4,31;;;0,97;0,74;-0,05;;13,52;0,76;;0,06;0,94;0,05;-7,16;7,23;190.907,76;5,43;0,73;0,86;1.621.784.961,40
BEES4;5,80;3,55;7,90;1,07;0,06;50,63;23,67;14,58;4,87;4,31;;;1,15;0,88;-0,06;;13,52;0,76;;0,06;0,94;0,05;-7,16;7,23;20.865,28;5,43;0,73;1,02;1.621.784.961,40
BFRE11;0,00;;0,00;0,00;0,00;;;;0,00;;-16,03;-0,33;;0,00;0,00;13,21;4,60;4,40;-0,28;0,96;0,04;0,00;;-3,40;;256.545,33;11.800,56;0,00;
BFRE12;0,00;;0,00;0,00;0,00;;;;0,00;;-16,03;-0,33;;0,00;0,00;13,21;4,60;4,40;-0,28;0,96;0,04;0,00;;-3,40;;256.545,33;11.800,56;0,00;
BGIP3;37,88;2,62;10,66;1,19;0,08;71,66;12,77;8,57;7,15;5,70;;;0,91;-0,55;-0,18;0,77;11,14;0,80;;0,07;0,93;0,09;0,74;14,88;5.172,00;31,91;3,56;-0,30;461.380.441,65
BGIP4;22,49;4,85;6,33;0,70;0,05;71,66;12,77;8,57;4,25;5,70;;;0,54;-0,32;-0,10;0,77;11,14;0,80;;0,07;0,93;0,09;0,74;14,88;79.724,58;31,91;3,56;-0,18;461.380.441,65
BIDI11;165,21;0,09;-5.841,94;12,73;2,13;57,47;-9,54;-0,77;-473,33;-465,73;;;45,17;-22,90;-4,00;0,83;-0,22;-0,04;;0,17;0,83;0,05;14,14;;232.573.748,04;12,96;-0,03;53,53;41.369.196.038,58
BIDI3;55,36;0,09;-5.870,62;12,79;2,14;57,47;-9,54;-0,77;-475,65;-465,73;;;45,39;-23,01;-4,02;0,83;-0,22;-0,04;;0,17;0,83;0,05;14,14;;15.014.703,40;4,32;-0,01;53,80;41.369.196.038,58
BIDI4;54,81;0,09;-5.805,83;12,65;2,11;57,47;-9,54;-0,77;-470,40;-465,73;;;44,89;-22,75;-3,97;0,83;-0,22;-0,04;;0,17;0,83;0,05;14,14;;125.654.406,64;4,32;-0,01;53,20;41.369.196.038,58
BIOM3;16,60;;-15,88;5,87;2,58;23,75;-94,72;-120,62;-20,23;-20,88;-0,83;0,24;19,16;8,35;-4,80;3,03;-36,96;-16,27;-14,65;0,44;0,56;0,13;;;236.986,04;2,83;-1,05;-0,59;1.113.932.345,40
BKBR3;9,99;;-6,18;1,50;0,70;59,16;-17,30;-19,91;-7,11;-7,10;-0,03;0,01;1,23;4,97;-0,98;1,98;-24,24;-11,33;-15,04;0,47;0,53;0,57;18,70;;22.614.330,32;6,68;-1,62;0,01;2.739.786.697,65
BMEB3;18,23;4,26;6,33;0,97;0,09;66,23;10,12;6,76;4,22;4,17;;;0,43;0,45;-0,17;1,71;15,29;1,41;;0,09;0,91;0,21;-9,42;12,08;17.777,39;18,85;2,88;0,19;943.041.963,36
BMEB4;17,60;4,85;6,11;0,93;0,09;66,23;10,12;6,76;4,08;4,17;;;0,41;0,43;-0,17;1,71;15,29;1,41;;0,09;0,91;0,21;-9,42;12,08;130.815,42;18,85;2,88;0,18;943.041.963,36
BMGB4;4,90;3,65;9,15;0,69;0,10;72,18;8,81;7,76;8,06;8,06;;;0,71;;-0,10;;7,52;1,11;;0,15;0,85;0,14;11,98;8,39;7.836.419,72;7,12;0,54;-0,47;2.857.838.813,90
BMIN3;22,32;;43,89;0,86;0,52;81,20;37,26;21,89;25,78;25,58;;;9,61;11,12;-0,71;1,21;1,96;1,19;;0,61;0,39;0,05;-1,79;-9,57;5.472,67;25,93;0,51;4,31;106.867.596,69
BMIN4;21,15;6,62;41,59;0,82;0,49;81,20;37,26;21,89;24,43;25,58;;;9,10;10,54;-0,68;1,21;1,96;1,19;;0,61;0,39;0,05;-1,79;-9,57;23.450,11;25,93;0,51;4,08;106.867.596,69
BMKS3;242,20;2,51;31,63;0,58;0,51;31,27;6,38;15,98;79,18;-27,83;-107,01;-0,78;5,05;0,69;-2,16;31,67;1,83;1,61;-0,20;0,88;0,12;0,10;1,12;-20,41;12.730,39;418,81;7,66;1,07;110.140.450,00
BMOB3;17,80;;39,30;10,51;3,56;57,95;42,06;28,92;27,03;25,36;-1,85;-0,72;11,37;-20,50;-6,87;0,74;26,75;9,05;24,88;0,34;0,66;0,31;;;28.724.007,12;1,70;0,45;;1.636.363.656,00
BNBR3;70,07;4,00;5,94;0,98;0,10;57,57;40,13;25,83;3,82;3,82;;;1,53;1,81;-0,10;;16,51;1,65;;0,10;0,90;0,06;-9,48;27,23;32.711,44;71,46;11,80;-0,14;6.052.048.482,48
BOAS3;11,80;0,47;344,20;3,42;2,53;42,69;9,91;2,79;96,98;80,05;-17,67;-0,62;9,61;4,92;-6,29;7,24;0,99;0,74;1,90;0,74;0,26;0,26;;;10.483.709,40;3,45;0,03;-4,90;6.192.286.555,40
BOBR3;0,00;;0,00;0,00;0,00;37,35;11,13;3,47;0,00;4,12;1,93;;0,00;0,00;0,00;0,58;-16,30;5,92;500,50;-0,36;1,36;1,71;1,10;;;-0,94;0,15;0,00;281.428.317,98
BOBR4;2,29;;14,80;-2,41;0,88;37,35;11,13;3,47;4,61;4,12;1,93;;0,51;-2,86;-1,51;0,58;-16,30;5,92;500,50;-0,36;1,36;1,71;1,10;;286.851,84;-0,94;0,15;-0,07;281.428.317,98
BPAC11;98,46;1,23;27,98;3,44;0,36;-7,36;7,72;24,86;90,05;90,42;;;6,95;-6,58;-0,94;0,92;12,29;1,30;;0,11;0,89;0,05;2,49;41,61;425.980.897,60;28,63;3,52;-2,22;92.138.848.217,05
BPAC3;48,67;0,83;41,49;5,10;0,54;-7,36;7,72;24,86;133,54;90,42;;;10,31;-9,75;-1,40;0,92;12,29;1,30;;0,11;0,89;0,05;2,49;41,61;211.418,12;9,54;1,17;-3,30;92.138.848.217,05
BPAC5;25,05;1,60;21,52;2,65;0,28;-7,36;7,72;24,86;69,28;90,42;;;5,35;-5,06;-0,73;0,92;12,29;1,30;;0,11;0,89;0,05;2,49;41,61;193.785,00;9,54;1,17;-1,71;92.138.848.217,05
BPAN4;12,44;1,68;22,63;2,79;0,38;61,65;9,35;6,84;16,54;16,72;;;1,55;-1,91;-0,65;0,67;12,33;1,68;;0,14;0,86;0,25;4,82;34,24;64.977.130,20;4,41;0,54;4,17;14.990.898.145,24
BPAR3;182,07;9,28;7,19;1,17;0,16;80,40;31,54;15,44;3,52;3,52;;;1,11;1,37;-0,19;;16,25;2,28;;0,14;0,86;0,15;3,12;3,40;;155,92;25,33;-0,28;1.733.606.633,43
BPAT33;44,05;;6,98;0,66;0,09;51,56;21,77;5,61;1,80;1,80;;;0,39;;-0,12;;9,46;1,35;;0,14;0,86;0,24;14,99;-24,79;;66,71;6,31;-0,11;1.533.769.021,00
BPHA3;0,62;;0,06;-0,24;0,99;98,02;1.029,99;13.896,67;0,80;1,66;0,85;;8,28;-0,38;-1,18;0,06;-402,50;1.669,02;-36,75;-4,15;5,15;0,12;-68,85;;;-2,58;10,40;0,00;70.110.298,74
BRAP3;57,19;8,66;13,57;1,77;1,76;;;;13,63;15,23;-0,04;-0,01;;52,37;-1,83;11,80;13,03;12,99;12,98;1,00;0,00;0,00;;;3.415.175,40;32,34;4,22;-0,03;22.309.083.012,40
BRAP4;66,92;8,12;15,91;2,07;2,07;;;;15,98;15,23;-0,04;-0,01;;61,42;-2,15;11,80;13,03;12,99;12,98;1,00;0,00;0,00;;;219.218.314,92;32,34;4,22;-0,03;22.309.083.012,40
BRDT3;22,40;4,15;6,67;2,13;0,92;5,47;5,60;4,79;5,71;6,87;1,14;0,43;0,32;4,06;-1,74;1,92;31,99;13,79;17,54;0,43;0,57;2,88;-3,48;;189.952.189,96;10,48;3,35;0,09;26.189.200.000,00
BRFS3;24,47;;14,35;2,25;0,40;24,00;7,21;3,51;6,98;12,09;5,10;1,65;0,50;2,66;-0,74;1,48;15,70;2,79;8,34;0,18;0,82;0,79;4,16;-14,99;188.513.741,28;10,85;1,70;0,04;19.913.719.259,46
BRGE11;10,00;3,64;17,92;0,41;0,24;-301,47;181,11;160,27;15,86;-15,44;-33,83;-0,87;28,72;0,57;-0,61;3,39;2,27;1,35;1,68;0,60;0,40;0,01;-1,53;-7,25;11.718,00;24,56;0,56;-0,99;854.018.449,92
BRGE12;6,19;;11,09;0,25;0,15;-301,47;181,11;160,27;9,82;-15,44;-33,83;-0,87;17,78;0,35;-0,38;3,39;2,27;1,35;1,68;0,60;0,40;0,01;-1,53;-7,25;7.983,36;24,56;0,56;-0,61;854.018.449,92
BRGE3;9,28;;16,63;0,38;0,23;-301,47;181,11;160,27;14,72;-15,44;-33,83;-0,87;26,65;0,53;-0,57;3,39;2,27;1,35;1,68;0,60;0,40;0,01;-1,53;-7,25;9.474,60;24,56;0,56;-0,92;854.018.449,92
BRGE5;14,41;2,10;25,82;0,59;0,35;-301,47;181,11;160,27;22,85;-15,44;-33,83;-0,87;41,38;0,82;-0,88;3,39;2,27;1,35;1,68;0,60;0,40;0,01;-1,53;-7,25;2.815,23;24,56;0,56;-1,43;854.018.449,92
BRGE6;16,50;4,41;29,57;0,67;0,40;-301,47;181,11;160,27;26,16;-15,44;-33,83;-0,87;47,39;0,94;-1,01;3,39;2,27;1,35;1,68;0,60;0,40;0,01;-1,53;-7,25;2.415,50;24,56;0,56;-1,64;854.018.449,92
BRGE7;5,40;7,86;9,68;0,22;0,13;-301,47;181,11;160,27;8,56;-15,44;-33,83;-0,87;15,51;0,31;-0,33;3,39;2,27;1,35;1,68;0,60;0,40;0,01;-1,53;-7,25;;24,56;0,56;-0,54;854.018.449,92
BRGE8;8,50;3,56;15,23;0,35;0,21;-301,47;181,11;160,27;13,48;-15,44;-33,83;-0,87;24,41;0,48;-0,52;3,39;2,27;1,35;1,68;0,60;0,40;0,01;-1,53;-7,25;4.650,00;24,56;0,56;-0,84;854.018.449,92
BRIV3;10,87;0,05;12,85;0,62;0,06;12,85;13,75;10,14;9,48;8,69;;;1,30;0,42;-0,07;99,82;4,81;0,46;;0,09;0,91;0,04;-14,49;-2,44;30.613,68;17,61;0,85;1,46;882.667.086,13
BRIV4;8,58;6,74;10,14;0,49;0,05;12,85;13,75;10,14;7,48;8,69;;;1,03;0,33;-0,05;99,82;4,81;0,46;;0,09;0,91;0,04;-14,49;-2,44;16.139,88;17,61;0,85;1,15;882.667.086,13
BRKM3;39,95;;-4,76;-8,24;0,37;19,15;-0,12;-11,43;-443,01;-790,58;-339,73;;0,54;5,49;-0,61;1,20;-173,07;-7,77;-7,20;-0,04;1,04;0,68;4,54;;1.152.382,88;-4,85;-8,39;-0,03;32.412.996.499,28
BRKM5;42,00;;-5,00;-8,66;0,39;19,15;-0,12;-11,43;-465,85;-790,58;-339,73;;0,57;5,77;-0,65;1,20;-173,07;-7,77;-7,20;-0,04;1,04;0,68;4,54;;122.079.097,92;-4,85;-8,39;-0,04;32.412.996.499,28
BRKM6;21,91;;-2,61;-4,52;0,20;19,15;-0,12;-11,43;-242,96;-790,58;-339,73;;0,30;3,01;-0,34;1,20;-173,07;-7,77;-7,20;-0,04;1,04;0,68;4,54;;8.204,33;-4,85;-8,39;-0,02;32.412.996.499,28
BRML3;10,11;;-29,98;0,78;0,46;87,67;-29,88;-32,11;-32,22;-41,40;-8,93;0,22;9,63;6,34;-0,51;4,01;-2,61;-1,53;-2,77;0,59;0,41;0,05;-7,67;;158.687.343,88;12,88;-0,34;0,24;8.879.847.356,61
BRPR3;8,77;1,55;20,80;0,59;0,40;100,00;113,89;65,78;12,01;14,97;3,00;0,15;13,68;4,24;-0,46;3,57;2,83;1,94;2,54;0,68;0,32;0,03;-15,19;;15.622.489,08;14,81;0,42;-0,62;4.276.139.462,10
BRQB3;0,00;;0,00;0,00;0,00;32,79;13,39;8,23;0,00;-0,85;-0,85;-0,56;0,00;0,00;0,00;2,06;40,38;15,32;26,03;0,38;0,62;1,86;3,80;47,08;;0,79;0,32;0,00;0,00
BRSR3;13,75;4,64;7,73;0,67;0,06;63,68;11,43;8,84;5,98;5,61;;;0,68;1,41;-0,07;2,34;8,72;0,79;;0,09;0,91;0,09;-5,25;-6,77;157.822,40;20,40;1,78;-0,18;5.278.791.773,91
BRSR5;17,25;3,80;9,70;0,85;0,08;63,68;11,43;8,84;7,50;5,61;;;0,86;1,76;-0,08;2,34;8,72;0,79;;0,09;0,91;0,09;-5,25;-6,77;19.603,33;20,40;1,78;-0,23;5.278.791.773,91
BRSR6;12,01;5,31;6,75;0,59;0,05;63,68;11,43;8,84;5,22;5,61;;;0,60;1,23;-0,06;2,34;8,72;0,79;;0,09;0,91;0,09;-5,25;-6,77;38.918.115,08;20,40;1,78;-0,16;5.278.791.773,91
BSEV3;8,47;;-13,79;-8,53;0,64;20,68;14,14;-6,03;5,88;10,08;4,14;;0,83;-1,34;-1,10;0,46;-61,90;-4,66;22,54;-0,08;1,07;0,77;7,69;;1.644.591,56;-0,99;-0,61;0,72;8.724.671.592,30
BSLI3;47,73;5,18;38,54;25,56;0,70;75,23;26,67;18,74;27,08;24,78;;;7,22;-3,45;-0,86;0,49;66,32;1,81;;0,03;0,97;0,10;-2,43;29,66;113.392,61;1,87;1,24;4,95;15.855.076.445,00
BSLI4;31,12;8,73;25,13;16,67;0,46;75,23;26,67;18,74;17,66;24,78;;;4,71;-2,25;-0,56;0,49;66,32;1,81;;0,03;0,97;0,10;-2,43;29,66;39.560,19;1,87;1,24;3,23;15.855.076.445,00
BTOW3;61,85;;-163,30;3,63;1,52;28,42;1,78;-2,08;190,60;175,15;-18,18;-0,35;3,40;3,29;-5,04;2,96;-2,22;-0,93;0,82;0,42;0,58;0,45;2,35;;283.011.776,28;16,94;-0,38;4,84;34.910.145.545,46
BTTL3;9,35;;8,74;5,35;0,90;18,69;6,52;3,50;4,69;5,88;1,07;1,22;0,31;14,26;-1,58;1,17;61,18;10,24;35,04;0,17;0,83;2,92;5,92;-24,36;11.048,20;1,75;1,07;0,14;142.364.241,44
BTTL4;11.091,73;;10.368,59;6.343,50;1.062,25;18,69;6,52;3,50;5.567,43;5,88;1,07;1,22;363,21;16.921,20;-1.868,37;1,17;61,18;10,24;35,04;0,17;0,83;2,92;5,92;-24,36;;1,75;1,07;160,97;142.364.241,44
CALI3;98,18;;18,80;11,06;0,29;18,39;12,73;6,47;9,55;12,74;6,31;7,31;1,22;0,97;-0,58;2,56;58,84;1,56;8,37;0,03;0,97;0,24;-7,97;-33,18;;8,87;5,22;-0,17;24.582.197,20
CALI4;50,00;;9,58;5,63;0,15;18,39;12,73;6,47;4,86;12,74;6,31;7,31;0,62;0,49;-0,30;2,56;58,84;1,56;8,37;0,03;0,97;0,24;-7,97;-33,18;9.554,00;8,87;5,22;-0,09;24.582.197,20
CAMB3;4,40;;8,45;1,92;0,66;45,00;10,13;14,06;11,73;15,93;4,12;0,67;1,19;-37,55;-1,05;0,95;22,69;7,82;3,90;0,34;0,66;0,56;-11,36;;215.178,32;2,30;0,52;0,95;187.234.304,40
CAMB4;6,25;;12,00;2,72;0,94;45,00;10,13;14,06;16,66;15,93;4,12;0,67;1,69;-53,33;-1,49;0,95;22,69;7,82;3,90;0,34;0,66;0,56;-11,36;;;2,30;0,52;1,35;187.234.304,40
CAML3;10,20;5,86;8,51;1,68;0,79;23,45;8,68;6,27;6,15;7,97;1,83;0,50;0,53;2,60;-1,79;2,17;19,73;9,23;13,28;0,47;0,53;1,47;7,98;17,95;15.686.099,24;6,08;1,20;0,22;3.777.700.000,00
CARD3;19,90;1,58;17,92;2,87;1,55;29,72;15,51;10,24;11,83;12,33;0,70;0,17;1,83;38,29;-2,21;1,16;16,01;8,67;12,28;0,54;0,46;0,85;-0,29;19,73;4.188.066,00;6,99;1,12;0,24;823.878.000,00
CASH3;29,20;;188,78;10,37;9,82;22,71;22,71;15,66;130,11;118,98;-11,62;-0,93;29,55;11,05;-164,53;18,49;5,49;5,20;5,56;0,95;0,05;0,33;;;46.912.649,76;2,83;0,16;;3.719.658.860,00
CASN3;14,34;0,29;101,97;8,66;3,05;50,85;24,24;9,84;41,38;37,60;4,83;1,01;10,03;-155,57;-3,51;0,87;8,50;2,99;7,85;0,35;0,65;0,30;7,49;59,39;1.520,00;1,66;0,14;-16,99;9.083.999.874,51
CASN4;8,37;0,54;59,52;5,06;1,78;50,85;24,24;9,84;24,15;37,60;4,83;1,01;5,85;-90,80;-2,05;0,87;8,50;2,99;7,85;0,35;0,65;0,30;7,49;59,39;;1,66;0,14;-9,92;9.083.999.874,51
CATA3;103,61;;-2,13;0,12;0,06;17,94;-6,16;-5,09;-1,76;-4,90;-3,15;0,21;0,11;0,25;-0,12;2,22;-5,43;-3,00;-5,07;0,55;0,45;0,59;-4,76;;;897,16;-48,70;0,01;14.940.354,78
CATA4;0,00;;0,00;0,00;0,00;17,94;-6,16;-5,09;0,00;-4,90;-3,15;0,21;0,00;0,00;0,00;2,22;-5,43;-3,00;-5,07;0,55;0,45;0,59;-4,76;;;897,16;-48,70;0,00;14.940.354,78
CBEE3;15,51;2,57;52,83;0,72;0,22;12,79;5,04;0,79;8,24;20,72;12,48;1,09;0,42;10,34;-0,31;1,08;1,36;0,42;3,50;0,31;0,69;0,53;3,81;;11.108,30;21,55;0,29;-0,64;2.584.498.396,26
CCPR3;11,58;8,05;34,89;0,60;0,36;63,04;50,22;10,42;7,24;11,66;4,40;0,37;3,63;5,42;-0,40;2,57;1,72;1,03;4,79;0,60;0,40;0,10;4,82;19,63;4.152.364,20;19,26;0,33;0,64;1.773.728.450,90
CCRO3;13,07;3,70;137,68;3,31;0,79;34,64;20,58;1,93;12,93;19,77;6,73;1,73;2,66;52,20;-1,04;1,07;2,41;0,57;5,17;0,24;0,76;0,30;3,13;-35,76;160.287.913,00;3,93;0,09;-1,59;26.522.600.000,00
CCXC3;1,16;;0,33;-0,03;0,20;;;;-0,88;-0,87;0,01;;;-0,03;;0,13;-9,19;61,31;3,45;-6,67;7,68;0,00;;;;-38,15;3,51;0,00;1.973.425,64
CEAB3;12,05;;-22,16;1,39;0,50;46,42;-4,02;-4,07;-22,45;-20,60;1,81;-0,11;0,90;2,91;-0,97;1,56;-6,27;-2,28;-6,56;0,36;0,64;0,56;;;22.291.942,08;8,61;-0,54;0,00;3.680.446.111,92
CEBR3;185,00;0,90;6,16;2,96;0,70;48,92;51,47;169,54;20,31;20,81;-0,32;-0,05;10,45;5,63;-5,17;1,17;48,02;11,28;10,73;0,23;0,77;0,07;-36,10;56,67;508.818,48;62,49;30,01;0,02;2.775.079.997,70
CEBR5;199,00;1,97;6,63;3,18;0,75;48,92;51,47;169,54;21,84;20,81;-0,32;-0,05;11,24;6,06;-5,56;1,17;48,02;11,28;10,73;0,23;0,77;0,07;-36,10;56,67;189.289,69;62,49;30,01;0,03;2.775.079.997,70
CEBR6;199,94;0,92;6,66;3,20;0,75;48,92;51,47;169,54;21,95;20,81;-0,32;-0,05;11,30;6,09;-5,59;1,17;48,02;11,28;10,73;0,23;0,77;0,07;-36,10;56,67;190.138,33;62,49;30,01;0,03;2.775.079.997,70
CEDO3;10,42;;-2,51;0,70;0,15;16,76;0,18;-6,71;91,48;244,83;170,12;1,30;0,17;-8,47;-0,26;0,96;-27,87;-6,02;0,15;0,22;0,78;0,90;9,31;;22.177,52;14,89;-4,15;-0,02;85.096.612,80
CEDO4;5,81;;-1,45;0,40;0,09;16,76;0,18;-6,71;52,68;244,83;170,12;1,30;0,10;-4,88;-0,15;0,96;-27,87;-6,02;0,15;0,22;0,78;0,90;9,31;;47.206,56;14,89;-4,15;-0,01;85.096.612,80
CEEB3;38,45;2,53;8,27;1,65;0,48;22,62;16,05;10,80;5,56;10,97;4,05;1,20;0,89;15,06;-0,60;1,19;19,95;5,83;11,29;0,29;0,71;0,54;10,93;29,39;152.141,11;23,31;4,65;0,40;12.525.083.711,09
CEEB5;44,17;2,20;9,50;1,90;0,55;22,62;16,05;10,80;6,39;10,97;4,05;1,20;1,03;17,30;-0,69;1,19;19,95;5,83;11,29;0,29;0,71;0,54;10,93;29,39;7.117,00;23,31;4,65;0,46;12.525.083.711,09
CEEB6;60,68;1,76;13,05;2,60;0,76;22,62;16,05;10,80;8,78;10,97;4,05;1,20;1,41;23,77;-0,95;1,19;19,95;5,83;11,29;0,29;0,71;0,54;10,93;29,39;;23,31;4,65;0,63;12.525.083.711,09
CEED3;68,00;;-0,41;-0,11;0,16;-1,71;-19,46;-46,18;-0,96;-2,32;-1,36;;0,19;-0,62;-0,23;0,51;-28,26;-40,42;14,65;-1,43;2,43;0,88;-0,25;;51.901,00;-593,23;-167,64;-0,01;658.946.784,00
CEED4;72,00;;-0,43;-0,12;0,17;-1,71;-19,46;-46,18;-1,02;-2,32;-1,36;;0,20;-0,65;-0,24;0,51;-28,26;-40,42;14,65;-1,43;2,43;0,88;-0,25;;14.256,00;-593,23;-167,64;-0,01;658.946.784,00
CEGR3;60,00;0,16;44,25;13,05;4,57;32,84;19,21;11,05;25,46;26,88;1,42;0,73;4,89;-74,48;-6,00;0,80;29,48;10,32;18,65;0,35;0,65;0,93;-3,10;4,36;72.525,13;4,60;1,36;-7,92;15.578.263.920,00
CEPE3;127,13;1,59;43,71;5,57;0,83;15,77;7,78;3,16;17,76;25,06;8,86;2,78;1,38;85,45;-1,11;1,04;12,75;1,90;6,53;0,15;0,85;0,60;8,76;62,59;92.909,67;22,81;2,91;2,22;8.650.930.217,59
CEPE5;26,70;7,56;9,18;1,17;0,17;15,77;7,78;3,16;3,73;25,06;8,86;2,78;0,29;17,95;-0,23;1,04;12,75;1,90;6,53;0,15;0,85;0,60;8,76;62,59;23.756,36;22,81;2,91;0,47;8.650.930.217,59
CEPE6;45,00;4,93;15,47;1,97;0,29;15,77;7,78;3,16;6,29;25,06;8,86;2,78;0,49;30,25;-0,39;1,04;12,75;1,90;6,53;0,15;0,85;0,60;8,76;62,59;8.632,00;22,81;2,91;0,79;8.650.930.217,59
CESP3;29,91;8,68;5,67;1,36;0,67;37,95;42,39;90,17;12,05;12,32;1,37;0,15;5,11;143,50;-0,73;1,06;23,99;11,88;-7,30;0,50;0,50;0,13;-8,26;;519.618,96;22,00;5,28;0,12;8.901.523.652,24
CESP5;47,22;5,50;8,95;2,15;1,06;37,95;42,39;90,17;19,03;12,32;1,37;0,15;8,07;226,54;-1,15;1,06;23,99;11,88;-7,30;0,50;0,50;0,13;-8,26;;55.665,79;22,00;5,28;0,18;8.901.523.652,24
CESP6;25,71;10,10;4,87;1,17;0,58;37,95;42,39;90,17;10,36;12,32;1,37;0,15;4,39;123,35;-0,63;1,06;23,99;11,88;-7,30;0,50;0,50;0,13;-8,26;;77.306.645,92;22,00;5,28;0,10;8.901.523.652,24
CGAS3;150,00;5,66;17,28;33,69;1,87;33,80;24,09;13,83;9,92;12,63;2,71;9,21;2,39;32,29;-3,11;1,17;195,00;10,84;18,79;0,06;0,94;0,78;4,74;10,49;30.697,36;4,45;8,68;-1,09;19.878.088.050,00
CGAS5;153,49;6,09;17,68;34,47;1,92;33,80;24,09;13,83;10,15;12,63;2,71;9,21;2,45;33,04;-3,18;1,17;195,00;10,84;18,79;0,06;0,94;0,78;4,74;10,49;320.127,25;4,45;8,68;-1,12;19.878.088.050,00
CGRA3;31,50;4,04;8,94;1,00;0,71;53,59;16,87;15,78;8,36;6,03;-2,39;-0,29;1,41;2,44;-1,40;2,43;11,23;7,92;9,07;0,71;0,29;0,50;3,76;8,78;55.287,48;31,39;3,52;-0,20;639.438.004,90
CGRA4;31,21;4,02;8,99;1,01;0,71;53,59;16,87;15,78;8,41;6,03;-2,39;-0,29;1,42;2,45;-1,40;2,43;11,23;7,92;9,07;0,71;0,29;0,50;3,76;8,78;912.336,92;31,39;3,52;-0,20;639.438.004,90
CIEL3;3,68;1,67;-20,52;0,71;0,11;27,85;-1,29;-4,37;-69,39;-105,74;-35,98;0,37;0,90;1,16;-0,62;1,13;-3,47;-0,53;-2,02;0,15;0,85;0,12;0,11;;108.240.654,68;5,17;-0,18;0,16;10.079.383.876,31
CLSC3;57,50;4,13;4,28;1,12;0,21;13,59;7,69;5,86;3,25;4,59;1,17;0,40;0,25;5,12;-0,33;1,12;26,13;4,86;12,05;0,19;0,81;0,83;4,67;31,75;17.236,50;51,45;13,45;0,05;2.333.088.752,50
CLSC4;61,75;4,21;4,61;1,21;0,22;13,59;7,69;5,86;3,51;4,59;1,17;0,40;0,27;5,52;-0,36;1,12;26,13;4,86;12,05;0,19;0,81;0,83;4,67;31,75;381.793,88;51,45;13,45;0,06;2.333.088.752,50
CMIG3;15,27;4,02;8,10;1,33;0,43;21,34;18,66;11,35;4,93;6,46;2,12;0,57;0,92;4,02;-0,60;1,60;16,39;5,30;11,60;0,32;0,68;0,47;2,90;3,02;7.773.187,84;11,51;1,89;-0,96;20.436.301.956,38
CMIG4;12,45;4,93;6,60;1,08;0,35;21,34;18,66;11,35;4,02;6,46;2,12;0,57;0,75;3,28;-0,49;1,60;16,39;5,30;11,60;0,32;0,68;0,47;2,90;3,02;120.945.115,44;11,51;1,89;-0,78;20.436.301.956,38
CMIN3;9,32;;12,93;4,92;2,66;60,26;45,70;29,23;8,27;8,00;-0,26;-0,16;3,78;26,07;-4,00;1,43;38,02;20,54;38,09;0,54;0,46;0,70;;;47.575.726,84;1,90;0,72;1,29;52.054.501.544,78
CMSA3;0,00;;0,00;0,00;0,00;;;;0,00;0,14;0,14;-0,77;;0,00;0,00;21,06;-531,63;-512,78;-539,83;0,96;0,04;0,00;;;;0,00;0,00;0,00;0,00
CMSA4;0,00;;0,00;0,00;0,00;;;;0,00;0,14;0,14;-0,77;;0,00;0,00;21,06;-531,63;-512,78;-539,83;0,96;0,04;0,00;;;;0,00;0,00;0,00;0,00
CNSY3;30,22;;-20,97;-893,87;5,06;-52,25;-85,23;-108,51;-26,70;-30,07;-3,37;;22,76;-29,15;-5,60;0,35;-4.262,46;-24,15;-29,25;-0,01;1,01;0,22;-13,15;;;-0,03;-1,44;0,01;935.885.083,86
COCE3;51,24;4,14;15,04;1,23;0,43;12,67;6,70;4,52;10,14;13,39;5,67;0,69;0,68;-8,89;-0,57;0,84;8,21;2,83;5,07;0,34;0,66;0,63;7,29;-6,09;42.299,00;41,49;3,41;-0,44;3.034.024.821,42
COCE5;57,01;3,73;16,74;1,37;0,47;12,67;6,70;4,52;11,29;13,39;5,67;0,69;0,76;-9,89;-0,64;0,84;8,21;2,83;5,07;0,34;0,66;0,63;7,29;-6,09;980.510,20;41,49;3,41;-0,49;3.034.024.821,42
COCE6;19,17;11,08;5,63;0,46;0,16;12,67;6,70;4,52;3,79;13,39;5,67;0,69;0,25;-3,33;-0,22;0,84;8,21;2,83;5,07;0,34;0,66;0,63;7,29;-6,09;;41,49;3,41;-0,16;3.034.024.821,42
COGN3;4,05;;-1,31;0,53;0,25;63,05;-61,43;-110,19;-2,34;-4,24;-1,88;0,43;1,44;1,89;-0,35;1,76;-40,64;-18,86;-14,04;0,46;0,54;0,17;0,02;;214.072.809,64;7,61;-3,09;0,00;7.656.553.336,80
CORR3;2,71;;0,01;0,06;0,00;77,73;30,07;26,29;0,01;-2,46;-2,68;-14,13;0,00;0,00;-0,02;15,08;460,80;22,31;451,11;0,05;0,95;0,85;44,77;;;48,59;223,90;0,00;1.278.894,65
CORR4;82,00;;0,37;1,69;0,08;77,73;30,07;26,29;0,32;-2,46;-2,68;-14,13;0,10;0,11;-0,49;15,08;460,80;22,31;451,11;0,05;0,95;0,85;44,77;;;48,59;223,90;0,00;1.278.894,65
CPFE3;30,81;5,85;9,74;2,49;0,72;22,40;16,55;11,79;6,94;9,49;2,56;0,92;1,15;-59,75;-1,01;0,96;25,59;7,42;12,15;0,29;0,71;0,63;8,45;33,47;74.909.440,12;12,35;3,16;0,28;35.420.301.485,60
CPLE3;6,14;13,16;4,30;0,83;0,36;28,37;22,83;20,95;3,95;5,59;1,58;0,33;0,90;9,58;-0,48;1,18;19,28;8,35;9,83;0,43;0,57;0,40;4,51;25,31;14.859.540,20;7,40;1,43;0,04;17.053.388.899,50
CPLE5;134,06;0,84;93,97;18,12;7,84;28,37;22,83;20,95;86,25;5,59;1,58;0,33;19,69;209,27;-10,37;1,18;19,28;8,35;9,83;0,43;0,57;0,40;4,51;25,31;6.052,00;7,40;1,43;0,98;17.053.388.899,50
CPLE6;6,23;14,22;4,38;0,84;0,37;28,37;22,83;20,95;4,02;5,59;1,58;0,33;0,92;9,76;-0,48;1,18;19,28;8,35;9,83;0,43;0,57;0,40;4,51;25,31;100.845.329,48;7,40;1,43;0,05;17.053.388.899,50
CPRE3;18,23;;13,66;1,81;0,88;53,20;39,33;36,04;12,52;14,20;1,68;0,24;4,92;-5,47;-1,00;0,42;13,27;6,46;7,73;0,49;0,51;0,18;7,96;;5.456,00;10,05;1,33;0,02;10.824.655.047,92
CRDE3;21,90;;-3,43;0,49;0,44;-26,75;-721,03;-762,69;-3,63;-2,43;1,20;-0,16;26,18;3,07;-0,56;2,89;-14,41;-12,76;-15,48;0,89;0,11;0,02;-41,45;;21.495,20;44,27;-6,38;-0,05;53.045.150,70
CREM3;14,50;;32,70;2,45;0,67;30,30;7,39;2,10;9,28;13,11;3,84;1,01;0,69;4,89;-1,69;1,29;7,50;2,05;9,29;0,27;0,73;0,98;1,09;;;5,91;0,44;22,14;465.122.474,00
CRFB3;23,15;1,07;17,21;2,70;0,89;19,55;6,33;3,75;10,20;10,32;0,02;0,01;0,65;66,32;-1,74;1,03;15,67;5,15;15,00;0,33;0,67;1,37;11,38;23,62;101.034.984,52;8,59;1,35;0,11;46.375.028.513,60
CRIV3;5,27;;9,97;0,54;0,06;68,16;12,20;8,81;7,20;7,84;;;0,88;0,66;-0,07;2,55;5,41;0,58;;0,11;0,89;0,07;-7,18;6,86;32.255,25;9,77;0,53;-0,41;590.692.122,95
CRIV4;6,36;6,83;12,03;0,65;0,07;68,16;12,20;8,81;8,69;7,84;;;1,06;0,80;-0,08;2,55;5,41;0,58;;0,11;0,89;0,07;-7,18;6,86;12.665,83;9,77;0,53;-0,49;590.692.122,95
CRPG3;60,00;1,47;9,44;2,39;1,64;36,04;18,15;25,21;13,11;9,82;-2,96;-0,54;2,38;2,58;-7,53;5,27;25,34;17,34;10,61;0,68;0,32;0,69;15,93;;18.462,00;25,08;6,36;0,14;1.697.557.413,81
CRPG5;58,28;1,53;9,08;2,30;1,57;36,04;18,15;25,21;12,61;9,82;-2,96;-0,54;2,29;2,48;-7,24;5,27;25,34;17,34;10,61;0,68;0,32;0,69;15,93;;1.032.430,72;25,08;6,36;0,13;1.697.557.413,81
CRPG6;58,99;1,50;9,28;2,35;1,61;36,04;18,15;25,21;12,89;9,82;-2,96;-0,54;2,34;2,54;-7,41;5,27;25,34;17,34;10,61;0,68;0,32;0,69;15,93;;59.651,78;25,08;6,36;0,14;1.697.557.413,81
CSAB3;49,08;;7,39;1,89;0,94;169,17;1.391,38;1.507,38;8,00;7,99;;;111,32;9,25;-1,15;2,24;25,66;12,70;;0,49;0,51;0,01;-41,88;2,02;7.379,50;25,90;6,65;0,04;376.396.800,00
CSAB4;48,94;;7,36;1,89;0,94;169,17;1.391,38;1.507,38;7,98;7,99;;;111,00;9,22;-1,15;2,24;25,66;12,70;;0,49;0,51;0,01;-41,88;2,02;92.941,57;25,90;6,65;0,04;376.396.800,00
CSAN3;91,55;1,64;50,35;3,73;1,20;27,34;17,98;6,31;17,66;22,47;4,48;0,95;3,18;8,54;-1,76;1,78;7,40;2,38;8,04;0,32;0,68;0,38;10,10;0,61;373.553.302,40;24,56;1,82;-0,78;43.679.908.247,59
CSED3;11,81;;-130,26;10,03;1,23;47,92;9,77;-1,93;25,77;32,25;6,59;2,56;2,52;-50,36;-1,41;0,83;-7,70;-0,95;9,18;0,12;0,88;0,49;;;11.333.368,60;1,18;-0,09;1,01;4.513.138.876,80
CSMG3;14,94;18,84;6,96;0,88;0,48;44,99;23,96;15,28;4,44;6,78;2,32;0,46;1,06;9,22;-0,58;1,44;12,65;6,94;9,69;0,55;0,45;0,45;6,86;;41.392.500,92;16,98;2,15;0,85;5.703.796.035,00
CSNA3;39,22;0,02;14,34;4,84;0,86;36,39;19,01;12,62;9,52;13,38;3,77;1,91;1,81;6,28;-1,37;1,59;33,72;6,02;10,94;0,18;0,82;0,48;14,52;;570.373.080,32;8,11;2,73;0,13;54.904.326.539,79
CSRN3;14,50;2,21;7,13;1,83;0,53;22,91;16,75;12,24;5,21;8,42;3,19;1,12;0,87;6,98;-0,68;1,52;25,73;7,41;13,09;0,29;0,71;0,61;9,71;12,94;39.265,50;7,91;2,03;0,28;2.446.655.358,25
CSRN5;15,06;2,34;7,40;1,90;0,55;22,91;16,75;12,24;5,41;8,42;3,19;1,12;0,91;7,25;-0,70;1,52;25,73;7,41;13,09;0,29;0,71;0,61;9,71;12,94;24.744,67;7,91;2,03;0,29;2.446.655.358,25
CSRN6;14,75;2,39;7,25;1,87;0,54;22,91;16,75;12,24;5,30;8,42;3,19;1,12;0,89;7,10;-0,69;1,52;25,73;7,41;13,09;0,29;0,71;0,61;9,71;12,94;25.909,67;7,91;2,03;0,29;2.446.655.358,25
CTCA3;0,00;;0,00;0,00;0,00;65,58;28,66;19,87;0,00;-1,35;-1,35;-0,20;0,00;0,00;0,00;2,86;10,41;7,84;7,86;0,75;0,25;0,39;26,66;30,12;;1,86;0,19;0,00;0,00
CTKA3;26,50;;2,04;-0,86;0,32;40,29;22,07;21,18;1,96;7,50;5,81;;0,43;1,26;-0,80;1,75;-42,05;15,83;17,69;-0,38;1,38;0,75;7,67;;10.518,88;-30,85;12,97;0,00;141.719.225,57
CTKA4;20,10;;1,55;-0,65;0,25;40,29;22,07;21,18;1,49;7,50;5,81;;0,33;0,96;-0,61;1,75;-42,05;15,83;17,69;-0,38;1,38;0,75;7,67;;42.607,83;-30,85;12,97;0,00;141.719.225,57
CTNM3;12,30;;-1,80;0,25;0,09;29,33;2,13;-10,60;8,97;38,05;31,93;0,90;0,19;2,15;-0,15;1,12;-14,06;-4,92;-1,25;0,35;0,65;0,46;-5,17;;8.897,06;48,66;-6,84;-0,01;257.202.300,96
CTNM4;5,28;;-0,77;0,11;0,04;29,33;2,13;-10,60;3,85;38,05;31,93;0,90;0,08;0,92;-0,06;1,12;-14,06;-4,92;-1,25;0,35;0,65;0,46;-5,17;;87.557,40;48,66;-6,84;0,00;257.202.300,96
CTSA3;2,56;1,19;-75,88;1,01;0,44;15,55;2,86;-0,79;21,05;39,87;18,49;0,88;0,60;82,06;-0,74;1,01;-1,33;-0,58;1,39;0,44;0,56;0,73;6,86;;170.413,48;2,55;-0,03;0,56;289.377.738,00
CTSA4;1,88;1,61;-56,02;0,74;0,32;15,55;2,86;-0,79;15,54;39,87;18,49;0,88;0,44;60,59;-0,55;1,01;-1,33;-0,58;1,39;0,44;0,56;0,73;6,86;;64.536,76;2,55;-0,03;0,41;289.377.738,00
CTSA8;0,00;;0,00;0,00;0,00;15,55;2,86;-0,79;0,00;39,87;18,49;0,88;0,00;0,00;0,00;1,01;-1,33;-0,58;1,39;0,44;0,56;0,73;6,86;;;2,55;-0,03;0,00;289.377.738,00
CURY3;9,64;;17.460,38;4.370,95;1.707,19;37,42;19,66;14,05;12.478,06;12.542,23;-0,69;-0,24;2.452,94;3.741,41;-9.609,27;2,25;25,03;9,78;21,63;0,39;0,61;0,70;;;9.085.295,92;0,00;0,00;-174,75;2.822.432.100,96
CVCB3;20,15;;-3,38;70,06;0,79;82,80;-224,58;-191,51;-2,88;-3,28;-0,40;9,72;6,47;-43,36;-2,05;0,97;-2.075,39;-23,48;-109,51;0,01;0,99;0,12;-6,66;;129.677.798,36;0,29;-5,95;0,00;4.047.686.430,96
CYRE3;25,04;7,31;5,65;1,71;0,87;32,70;57,66;46,04;4,51;4,92;0,39;0,15;2,60;2,51;-1,85;2,88;30,37;15,40;20,53;0,51;0,49;0,33;-2,51;25,27;179.526.428,64;14,50;4,40;0,02;9.985.575.119,02
DASA3;149,90;0,19;-477,94;20,38;5,40;24,94;2,37;-2,14;432,75;455,71;22,96;1,08;10,24;60,17;-7,89;1,40;-4,26;-1,13;1,07;0,27;0,73;0,53;20,30;;152.664,72;7,36;-0,31;2,16;72.073.982.324,20
DIRR3;12,53;6,47;16,97;1,43;0,38;34,82;14,75;7,53;8,67;9,37;0,65;0,11;1,28;0,92;-0,79;4,66;8,44;2,22;7,89;0,26;0,74;0,29;-0,89;-0,79;14.611.524,44;8,74;0,74;1,35;1.931.290.249,91
DMMO3;0,99;;-0,93;-0,40;1,05;-10,45;-53,90;-98,60;-1,70;-1,24;0,50;;0,91;-1,32;-1,89;0,36;-43,56;-113,37;23,96;-2,60;3,60;1,15;-10,63;;11.991.137,08;-2,45;-1,07;-0,01;311.028.140,54
DMVF3;9,17;;3.772,59;0,56;0,32;32,35;0,66;0,01;69,81;58,44;-11,29;-0,09;0,46;2,81;-0,48;1,52;0,01;0,01;-1,16;0,57;0,43;0,69;;;3.069.468,32;16,52;0,00;-2,16;463.522.032,72
DOHL3;27,70;1,49;24,94;3,20;2,41;29,08;13,26;16,10;30,27;22,79;-0,78;-0,08;4,02;5,54;-5,22;5,24;12,82;9,67;6,74;0,75;0,25;0,60;5,55;24,38;9.593,56;8,67;1,11;0,15;1.630.952.587,05
DOHL4;5,77;7,87;5,20;0,67;0,50;29,08;13,26;16,10;6,31;22,79;-0,78;-0,08;0,84;1,15;-1,09;5,24;12,82;9,67;6,74;0,75;0,25;0,60;5,55;24,38;38.047,28;8,67;1,11;0,03;1.630.952.587,05
DTCY3;10,10;;482,51;22,26;4,39;30,06;7,36;1,41;92,15;111,00;-0,55;-0,13;6,78;-21,87;-6,00;0,57;4,61;0,91;15,37;0,20;0,80;0,65;4,04;;37.220,78;0,45;0,02;-4,72;136.083.810,60
DTCY4;62,60;;2.990,60;137,98;27,20;30,06;7,36;1,41;571,15;111,00;-0,55;-0,13;42,03;-135,57;-37,17;0,57;4,61;0,91;15,37;0,20;0,80;0,65;4,04;;;0,45;0,02;-29,28;136.083.810,60
DTEX3;19,36;3,87;29,51;2,58;1,16;31,50;11,43;7,72;19,93;22,28;2,20;0,28;2,28;7,41;-1,84;1,75;8,75;3,95;7,04;0,45;0,55;0,51;8,21;18,81;47.112.077,88;7,50;0,66;2,48;13.489.797.769,50
EALT3;16,24;0,34;14,48;1,99;0,88;25,31;12,72;10,03;11,41;9,09;2,15;0,37;1,45;12,88;-1,45;1,21;13,75;6,05;9,67;0,44;0,56;0,60;11,42;190,50;51.756,17;8,16;1,12;0,29;222.345.000,00
EALT4;5,05;1,19;4,50;0,62;0,27;25,31;12,72;10,03;3,55;9,09;2,15;0,37;0,45;4,00;-0,45;1,21;13,75;6,05;9,67;0,44;0,56;0,60;11,42;190,50;139.464,60;8,16;1,12;0,09;222.345.000,00
ECOR3;11,80;;-15,51;117,05;0,59;41,08;21,64;-10,60;7,60;15,79;8,13;125,34;1,64;-8,56;-0,70;0,69;-754,68;-3,82;4,31;0,01;0,99;0,36;7,89;;46.780.186,44;0,10;-0,76;-0,12;6.631.758.079,60
ECPR3;77,00;;-2,64;0,93;0,52;;;;-3,16;-3,11;0,01;0,00;;349,18;-0,52;1,42;-35,04;-19,57;-29,55;0,56;0,44;0,00;;;7.733,00;83,14;-29,13;-0,01;144.522.337,24
ECPR4;74,96;;-2,57;0,90;0,50;;;;-3,07;-3,11;0,01;0,00;;339,93;-0,51;1,42;-35,04;-19,57;-29,55;0,56;0,44;0,00;;;10.030,67;83,14;-29,13;-0,01;144.522.337,24
EEEL3;547,50;3,61;13,80;1,97;0,93;59,99;46,83;26,56;7,82;7,97;0,13;0,03;3,66;5,56;-1,28;2,63;14,25;6,77;16,60;0,48;0,52;0,25;10,14;;110.251,00;278,37;39,68;1,48;5.297.585.775,00
EEEL4;600,00;3,62;15,12;2,16;1,02;59,99;46,83;26,56;8,57;7,97;0,13;0,03;4,02;6,10;-1,40;2,63;14,25;6,77;16,60;0,48;0,52;0,25;10,14;;60.000,00;278,37;39,68;1,62;5.297.585.775,00
EGIE3;41,59;4,15;12,13;4,38;0,96;44,57;45,43;22,82;6,09;8,31;2,19;1,58;2,77;14,43;-1,24;1,44;36,13;7,95;19,10;0,22;0,78;0,35;13,49;13,25;78.742.827,32;9,49;3,43;0,58;34.048.664.590,20
EKTR3;38,98;1,63;12,76;2,53;0,81;19,42;13,90;8,66;7,95;10,01;3,24;1,03;1,11;74,05;-1,23;1,03;19,85;6,38;10,24;0,32;0,68;0,74;4,01;9,79;19.490,00;15,39;3,06;0,65;6.434.112.492,56
EKTR4;28,00;2,50;9,16;1,82;0,58;19,42;13,90;8,66;5,71;10,01;3,24;1,03;0,79;53,19;-0,89;1,03;19,85;6,38;10,24;0,32;0,68;0,74;4,01;9,79;29.321,59;15,39;3,06;0,47;6.434.112.492,56
ELEK3;19,11;;24,46;2,66;1,07;11,39;2,82;2,53;21,94;38,76;5,75;0,70;0,62;3,75;-2,60;1,94;10,87;4,36;4,38;0,40;0,60;1,72;1,48;;11.501,50;7,19;0,78;-0,35;905.051.916,30
ELEK4;36,99;;47,34;5,15;2,07;11,39;2,82;2,53;42,48;38,76;5,75;0,70;1,20;7,26;-5,02;1,94;10,87;4,36;4,38;0,40;0,60;1,72;1,48;;52.244,08;7,19;0,78;-0,68;905.051.916,30
ELET3;34,37;8,90;8,51;0,73;0,30;72,63;29,66;21,80;6,25;9,82;3,50;0,41;1,85;2,87;-0,40;1,71;8,59;3,54;6,62;0,41;0,59;0,16;-2,25;;196.249.249,44;47,01;4,04;-0,21;54.565.163.252,74
ELET5;71,28;6,14;17,64;1,52;0,62;72,63;29,66;21,80;12,97;9,82;3,50;0,41;3,85;5,95;-0,84;1,71;8,59;3,54;6,62;0,41;0,59;0,16;-2,25;;8.597,60;47,01;4,04;-0,43;54.565.163.252,74
ELET6;34,63;9,72;8,57;0,74;0,30;72,63;29,66;21,80;6,30;9,82;3,50;0,41;1,87;2,89;-0,41;1,71;8,59;3,54;6,62;0,41;0,59;0,16;-2,25;;78.745.868,88;47,01;4,04;-0,21;54.565.163.252,74
ELMD3;16,40;;-33,22;24,64;2,23;33,12;-23,64;-25,40;-35,70;-44,88;-9,18;6,34;8,44;-30,40;-2,74;0,72;-74,15;-6,71;-11,47;0,09;0,91;0,26;;;6.368.322,04;0,67;-0,49;0,06;2.264.402.743,20
ELPL3;8,41;;1,69;0,62;0,05;13,07;13,07;6,33;0,82;2,52;1,70;1,27;0,11;-2,61;-0,07;0,92;36,34;3,24;19,30;0,09;0,91;0,51;2,54;57,52;;13,67;4,97;0,06;1.660.696.309,42
EMAE3;25,35;27,50;4,72;1,30;0,55;46,20;32,01;44,39;6,54;8,63;-3,16;-0,63;2,09;3,04;-0,97;1,71;27,62;11,60;8,99;0,42;0,58;0,26;17,64;27,12;;19,45;5,37;0,04;1.687.266.426,90
EMAE4;59,50;12,89;11,08;3,06;1,28;46,20;32,01;44,39;15,36;8,63;-3,16;-0,63;4,92;7,13;-2,27;1,71;27,62;11,60;8,99;0,42;0,58;0,26;17,64;27,12;199.373,56;19,45;5,37;0,10;1.687.266.426,90
EMBR3;14,55;;-2,99;0,71;0,20;12,25;-8,56;-18,41;-6,44;-11,88;-5,40;0,59;0,55;0,56;-0,47;2,53;-23,68;-6,60;-5,12;0,28;0,72;0,36;-0,66;;227.776.318,76;20,63;-4,88;-0,02;10.884.836.146,80
ENAT3;16,14;7,05;34,74;1,56;0,99;32,32;33,94;13,11;13,42;10,52;-2,90;-0,34;4,55;3,17;-1,75;3,56;4,50;2,85;8,53;0,63;0,37;0,22;13,76;5,78;39.571.538,64;10,37;0,47;-0,82;4.306.071.861,00
ENBR3;19,90;1,37;7,98;1,07;0,40;24,10;18,78;10,06;4,28;6,47;2,18;0,55;0,80;-20,39;-0,53;0,93;13,40;4,98;10,67;0,37;0,63;0,49;7,87;4,03;65.119.849,56;18,55;2,49;0,63;12.064.185.832,72
ENEV3;16,70;;20,97;2,66;1,30;46,19;34,43;31,07;18,92;23,44;4,61;0,65;6,51;11,33;-1,59;2,75;12,71;6,21;6,19;0,49;0,51;0,20;16,39;48,99;109.759.557,64;6,27;0,80;0,31;21.025.862.545,92
ENGI11;44,17;3,12;10,92;2,13;0,35;17,99;13,29;7,23;5,93;11,16;5,25;1,89;0,79;13,45;-0,50;1,10;19,55;3,22;7,85;0,16;0,84;0,45;10,79;35,54;88.112.467,96;20,71;4,05;0,05;15.997.177.798,56
ENGI3;15,72;1,76;19,42;3,80;0,63;17,99;13,29;7,23;10,56;11,16;5,25;1,89;1,40;23,91;-0,89;1,10;19,55;3,22;7,85;0,16;0,84;0,45;10,79;35,54;441.297,04;4,14;0,81;0,09;15.997.177.798,56
ENGI4;7,14;3,87;8,82;1,72;0,28;17,99;13,29;7,23;4,79;11,16;5,25;1,89;0,64;10,86;-0,41;1,10;19,55;3,22;7,85;0,16;0,84;0,45;10,79;35,54;579.456,28;4,14;0,81;0,04;15.997.177.798,56
ENJU3;12,58;;-77,56;4,86;4,56;35,41;-39,09;-39,10;-77,57;-61,10;16,16;-1,01;30,32;5,05;-107,71;17,86;-6,26;-5,88;-6,26;0,94;0,06;0,15;;;30.080.919,84;2,54;-0,16;-2,01;2.404.261.098,60
ENMA3B;50,49;0,61;11,84;2,77;1,05;32,69;21,80;17,05;9,26;;0,92;0,28;2,02;7,94;-1,80;1,47;23,36;8,87;13,63;0,38;0,62;0,52;8,44;15,47;;18,26;4,27;1,44;
ENMA6B;83,99;1,58;19,69;4,60;1,75;32,69;21,80;17,05;15,40;;0,92;0,28;3,36;13,21;-2,99;1,47;23,36;8,87;13,63;0,38;0,62;0,52;8,44;15,47;;18,26;4,27;2,40;
ENMT3;43,49;;14,04;3,42;1,01;22,44;18,28;13,30;10,22;13,04;2,82;0,94;1,87;8,43;-1,64;1,45;24,38;7,16;10,86;0,29;0,71;0,54;7,41;71,84;757.712,88;12,70;3,10;1,00;9.521.784.927,11
ENMT4;43,49;1,31;14,04;3,42;1,01;22,44;18,28;13,30;10,22;13,04;2,82;0,94;1,87;8,43;-1,64;1,45;24,38;7,16;10,86;0,29;0,71;0,54;7,41;71,84;243.089,57;12,70;3,10;1,00;9.521.784.927,11
EQPA3;4,18;6,68;12,88;2,74;0,76;30,26;19,90;12,23;7,92;9,42;1,50;0,52;1,58;3,80;-1,27;1,96;21,30;5,87;12,17;0,28;0,72;0,48;7,01;6,67;170.826,68;1,53;0,33;0,24;9.263.902.674,59
EQPA5;5,96;4,19;18,32;3,90;1,08;30,26;19,90;12,23;11,26;9,42;1,50;0,52;2,24;5,41;-1,81;1,96;21,30;5,87;12,17;0,28;0,72;0,48;7,01;6,67;19.682,36;1,53;0,33;0,34;9.263.902.674,59
EQPA6;10,48;2,67;32,22;6,86;1,89;30,26;19,90;12,23;19,81;9,42;1,50;0,52;3,94;9,51;-3,18;1,96;21,30;5,87;12,17;0,28;0,72;0,48;7,01;6,67;1.068,00;1,53;0,33;0,61;9.263.902.674,59
EQPA7;5,80;4,83;17,83;3,80;1,05;30,26;19,90;12,23;10,96;9,42;1,50;0,52;2,18;5,26;-1,76;1,96;21,30;5,87;12,17;0,28;0,72;0,48;7,01;6,67;18.234,94;1,53;0,33;0,34;9.263.902.674,59
EQTL3;25,01;1,28;8,48;2,06;0,57;33,46;26,73;16,63;5,28;7,42;2,13;0,83;1,41;4,25;-0,86;1,68;24,23;6,74;12,88;0,28;0,72;0,41;19,79;29,14;203.200.975,76;12,15;2,94;0,37;25.333.512.900,95
ESPA3;15,66;;61,59;10,97;2,62;45,72;13,16;11,90;55,67;61,13;5,18;1,02;7,33;19,71;-6,17;1,30;17,81;4,25;1,32;0,24;0,76;0,36;;;25.189.857,60;1,43;0,25;2,84;3.844.267.808,84
ESTR3;17,80;;-0,92;-0,03;0,06;50,78;18,15;-11,33;0,57;3,35;2,39;;0,10;-0,03;-0,12;0,21;-3,18;-6,42;-5,89;-2,02;3,02;0,57;-3,90;;;-611,41;-19,42;0,01;24.196.610,00
ESTR4;36,00;;-1,85;-0,06;0,12;50,78;18,15;-11,33;1,16;3,35;2,39;;0,21;-0,06;-0,25;0,21;-3,18;-6,42;-5,89;-2,02;3,02;0,57;-3,90;;47.819,46;-611,41;-19,42;0,03;24.196.610,00
ETER3;19,45;;6,41;4,73;1,37;33,27;27,60;23,23;5,40;5,32;-0,08;-0,07;1,49;3,84;-3,93;2,20;73,83;21,30;54,62;0,29;0,71;0,92;-6,86;40,09;64.223.045,88;4,16;3,07;0,00;1.018.525.189,05
EUCA3;22,79;0,88;14,64;1,43;0,77;31,45;10,81;8,02;10,86;8,50;2,17;0,28;1,17;12,69;-1,17;1,22;9,73;5,27;4,85;0,54;0,46;0,66;9,47;68,84;100.442,54;15,99;1,56;0,12;1.231.656.901,60
EUCA4;8,95;2,48;5,72;0,56;0,30;31,45;10,81;8,02;4,25;8,50;2,17;0,28;0,46;4,96;-0,46;1,22;9,73;5,27;4,85;0,54;0,46;0,66;9,47;68,84;1.668.113,04;15,99;1,56;0,05;1.231.656.901,60
EVEN3;10,26;1,41;148,13;0,88;0,42;28,87;16,28;0,88;8,00;4,99;-3,07;-0,34;1,30;1,01;-1,58;2,30;0,59;0,28;8,15;0,48;0,52;0,32;-5,40;-18,59;16.420.845,52;11,70;0,07;-1,69;2.194.200.000,00
EZTC3;33,08;0,89;18,45;1,81;1,58;43,04;28,41;43,26;28,09;24,36;-4,03;-0,26;7,98;4,25;-2,91;5,50;9,80;8,59;5,96;0,88;0,12;0,20;2,84;-1,36;86.346.488,16;18,22;1,79;0,42;7.554.560.000,00
FBMC3;0,00;;0,00;0,00;0,00;-60,76;-92,67;-101,97;0,00;-0,74;-0,67;;0,00;0,00;0,00;0,31;-24,19;-36,57;25,82;-1,51;2,51;0,36;-18,14;;;-87,48;-21,16;0,00;904.253,84
FBMC4;1,96;;-0,09;-0,02;0,03;-60,76;-92,67;-101,97;-0,10;-0,74;-0,67;;0,09;-0,04;-0,05;0,31;-24,19;-36,57;25,82;-1,51;2,51;0,36;-18,14;;;-87,48;-21,16;0,00;904.253,84
FESA3;39,01;2,16;49,38;1,94;1,22;27,37;17,19;4,30;12,35;12,22;0,88;0,14;2,12;9,83;-1,69;1,83;3,94;2,48;12,04;0,63;0,37;0,58;11,62;-16,62;26.650,53;20,06;0,79;-0,72;3.160.972.800,00
FESA4;33,74;2,74;42,86;1,69;1,06;27,37;17,19;4,30;10,72;12,22;0,88;0,14;1,84;8,53;-1,46;1,83;3,94;2,48;12,04;0,63;0,37;0,58;11,62;-16,62;15.615.792,04;20,06;0,79;-0,63;3.160.972.800,00
FHER3;7,05;;-1,92;-2,59;0,21;14,36;6,99;-9,00;2,47;4,22;1,73;;0,17;1,57;-0,44;1,35;-134,47;-11,00;93,40;-0,08;1,08;1,22;-18,89;;9.378.928,24;-2,75;-3,70;0,01;385.618.153,44
FIGE3;0,00;;0,00;0,00;0,00;100,00;88,45;55,08;0,00;-14,58;-14,58;-0,34;0,00;0,00;0,00;595,64;1,47;1,47;1,47;1,00;0,00;0,03;;-24,90;;97,75;1,44;0,00;0,00
FIGE4;0,00;;0,00;0,00;0,00;100,00;88,45;55,08;0,00;-14,58;-14,58;-0,34;0,00;0,00;0,00;595,64;1,47;1,47;1,47;1,00;0,00;0,03;;-24,90;;97,75;1,44;0,00;0,00
FLEX3;0,00;;0,00;0,00;0,00;31,41;1,02;-4,75;0,00;27,40;27,40;4,82;0,00;0,00;0,00;1,17;-81,57;-5,41;-2,31;0,07;0,93;1,14;9,15;;;8,92;-7,27;0,00;0,00
FLRY3;26,38;2,78;32,36;4,75;1,51;27,25;16,11;8,65;17,37;19,15;1,80;0,49;2,80;10,79;-2,28;1,69;14,68;4,65;10,81;0,32;0,68;0,54;9,42;19,07;49.893.682,92;5,52;0,81;-1,83;8.302.297.254,48
FNCN3;0,00;;0,00;0,00;0,00;97,02;-366,49;-366,32;0,00;0,00;;;0,00;0,00;0,00;26,75;-18,89;-18,04;;0,95;0,05;0,05;-37,65;;;12,09;-2,29;0,00;0,00
FRAS3;13,09;1,33;15,18;2,99;0,99;28,72;14,36;11,27;11,91;13,91;1,92;0,48;1,71;4,55;-1,98;1,77;19,73;6,52;8,91;0,33;0,67;0,58;13,81;28,25;3.043.248,00;4,39;0,87;0,04;2.876.227.054,46
FRIO3;63,00;;-1,70;20,21;0,15;17,45;5,03;-10,53;3,56;12,42;8,86;50,30;0,18;1,31;-0,48;1,20;-1.188,66;-8,85;5,42;0,01;0,99;0,84;7,27;;11.385,50;3,12;-37,05;0,00;258.725.502,00
FRTA3;5,56;;5,15;-0,17;0,33;45,64;10,28;16,94;8,49;54,56;46,16;;0,87;-0,14;-0,39;0,06;-3,28;6,41;-26,24;-1,95;2,95;0,38;-19,35;;54.352,68;-32,89;1,08;0,02;11.006.083,00
FTRT3B;0,00;;0,00;0,00;0,00;;;;0,00;0,00;0,00;0,00;;0,00;0,00;0,00;-0,95;-0,90;-2,42;0,95;0,05;0,00;;;;0,01;0,00;0,00;0,00
GBIO33;10,40;;-14,97;1,32;0,79;43,48;3,79;-10,14;40,09;47,57;7,48;0,25;1,52;7,57;-1,43;1,31;-8,83;-5,29;-0,10;0,60;0,40;0,52;12,83;-38,45;5.159.958,21;7,86;-0,69;0,06;1.108.871.982,40
GEPA3;40,50;4,66;5,45;2,00;0,67;97,03;95,99;48,37;2,75;2,65;-0,03;-0,02;2,64;-3,88;-1,02;0,67;36,71;12,27;36,51;0,33;0,67;0,25;3,60;30,90;63.934,71;20,24;7,43;0,03;3.730.114.678,50
GEPA4;39,00;4,84;5,25;1,93;0,64;97,03;95,99;48,37;2,64;2,65;-0,03;-0,02;2,54;-3,74;-0,98;0,67;36,71;12,27;36,51;0,33;0,67;0,25;3,60;30,90;34.760,65;20,24;7,43;0,03;3.730.114.678,50
GFSA3;4,61;;-18,07;0,89;0,37;20,50;0,41;-8,66;383,88;474,03;88,48;0,20;1,56;1,29;-1,15;1,73;-4,91;-2,04;-0,16;0,42;0,58;0,24;-9,34;;34.142.591,16;5,18;-0,25;-0,04;1.389.123.586,62
GGBR3;24,14;1,74;17,59;1,34;0,66;13,54;11,86;5,40;8,01;11,21;1,90;0,32;0,95;3,49;-1,05;2,04;7,61;3,75;8,41;0,49;0,51;0,69;0,11;;3.094.282,84;18,08;1,38;0,18;48.377.509.121,25
GGBR4;29,53;1,41;21,68;1,65;0,81;13,54;11,86;5,40;9,88;11,21;1,90;0,32;1,17;4,30;-1,29;2,04;7,61;3,75;8,41;0,49;0,51;0,69;0,11;;498.041.908,76;18,08;1,38;0,22;48.377.509.121,25
GMAT3;8,54;;26,00;3,31;2,30;24,11;7,02;5,85;21,70;20,55;-1,07;-0,16;1,52;4,01;-8,85;4,46;12,72;8,85;12,60;0,70;0,30;1,51;;;37.023.065,72;2,58;0,33;0,23;18.801.535.132,29
GNDI3;80,68;;66,83;6,93;3,01;29,14;12,94;6,90;35,62;35,75;-0,06;-0,01;4,61;21,19;-4,38;1,83;10,37;4,50;8,23;0,43;0,57;0,65;29,03;66,02;387.062.338,60;11,64;1,21;0,91;49.459.864.692,77
GOAU3;11,31;2,12;14,09;0,38;0,19;13,54;11,84;1,99;2,37;4,29;1,62;0,26;0,28;0,91;-0,31;2,16;2,68;1,35;8,13;0,50;0,50;0,68;0,11;;751.483,84;30,01;0,80;0,13;13.860.581.395,68
GOAU4;13,30;1,80;16,56;0,44;0,22;13,54;11,84;1,99;2,79;4,29;1,62;0,26;0,33;1,08;-0,36;2,16;2,68;1,35;8,13;0,50;0,50;0,68;0,11;;152.060.421,76;30,01;0,80;0,16;13.860.581.395,68
GOLL4;22,68;;-19,73;-5,17;5,55;26,49;-3,96;-40,78;-203,09;-225,82;-24,79;;8,04;-9,95;-7,44;0,31;-26,20;-28,15;12,66;-1,07;2,07;0,69;-8,21;;216.038.027,44;-4,39;-1,15;-0,01;70.441.521.409,15
GPAR3;64,00;;29,97;3,52;2,45;68,89;86,08;59,78;20,81;20,63;-0,18;-0,03;17,91;16,30;-3,05;4,23;11,73;8,18;10,50;0,70;0,30;0,14;40,68;;13.361,00;18,21;2,14;0,23;4.987.419.648,00
GPCP3;21,45;1,43;5,64;2,13;0,79;21,71;17,70;11,99;3,82;4,38;0,54;0,30;0,68;5,15;-1,35;1,60;37,71;14,09;32,96;0,37;0,63;1,18;20,13;;2.552.911,40;10,09;3,80;0,01;675.656.175,70
GPCP4;26,00;6,00;6,83;2,58;0,96;21,71;17,70;11,99;4,63;4,38;0,54;0,30;0,82;6,24;-1,64;1,60;37,71;14,09;32,96;0,37;0,63;1,18;20,13;;19.092,67;10,09;3,80;0,02;675.656.175,70
GPIV33;5,07;;-0,97;0,16;0,12;100,00;113,32;58,00;-0,50;0,29;0,79;-0,25;;0,66;-0,16;4,75;-16,09;-12,47;-30,19;0,78;0,22;-0,21;;;1.306.396,36;32,35;-5,20;0,00;378.554.632,56
GRND3;8,13;2,07;18,03;1,73;1,56;46,10;15,88;21,36;24,26;19,76;-4,66;-0,33;3,85;2,56;-4,96;9,12;9,58;8,67;6,18;0,90;0,10;0,41;-2,95;-5,56;10.958.124,48;4,69;0,45;-0,99;7.352.604.000,00
GSHP3;47,50;;-0,19;-0,20;0,05;66,49;17,69;-515,29;5,64;105,25;99,50;;1,00;-3,45;-0,06;0,90;-100,93;-27,93;-3,43;-0,28;1,28;0,05;-18,98;;35.445,20;-242,94;-245,20;0,00;93.255.981,15
GUAR3;14,24;2,87;-259,77;1,40;0,51;50,61;-0,50;-0,43;-224,52;-249,88;-22,50;0,14;1,13;1,95;-1,38;1,71;-0,54;-0,20;-2,25;0,36;0,64;0,45;2,55;;13.764.451,16;10,07;-0,05;2,48;7.143.552.000,00
HAGA3;3,34;;7,13;-0,57;0,67;28,14;25,23;18,71;5,28;4,18;-0,10;;1,33;1,87;-3,77;1,76;-7,98;9,34;-17,58;-1,17;2,17;0,50;0,12;12,13;107.761,54;-5,88;0,47;0,06;32.169.667,00
HAGA4;2,33;;4,97;-0,40;0,46;28,14;25,23;18,71;3,69;4,18;-0,10;;0,93;1,31;-2,63;1,76;-7,98;9,34;-17,58;-1,17;2,17;0,50;0,12;12,13;502.531,44;-5,88;0,47;0,04;32.169.667,00
HAPV3;14,61;0,40;69,04;6,91;4,00;39,11;14,81;9,16;42,69;42,58;-0,32;-0,05;6,32;39,15;-5,40;1,65;10,00;5,79;9,28;0,58;0,42;0,63;28,32;20,33;182.754.855,32;2,11;0,21;-8,84;54.349.419.023,90
HBOR3;8,84;;44,47;0,70;0,27;19,73;5,46;2,72;22,19;40,78;18,44;0,58;1,21;0,55;-1,00;3,12;1,58;0,61;0,98;0,38;0,62;0,22;-5,72;-2,10;15.070.881,12;12,51;0,20;-0,35;1.187.259.008,64
HBRE3;18,90;;-93,78;1,43;0,75;84,53;113,07;-26,89;22,30;31,10;8,80;0,56;25,22;-19,62;-0,79;0,61;-1,53;-0,80;1,91;0,52;0,48;0,03;;;;13,21;-0,20;0,85;1.950.271.740,90
HBSA3;6,07;;-43,59;3,02;0,81;25,48;13,86;-7,22;22,70;37,31;14,46;1,92;3,15;4,69;-1,07;3,20;-6,92;-1,85;2,65;0,27;0,73;0,26;49,43;;30.737.208,80;2,01;-0,14;0,16;4.630.730.295,87
HBTS5;23,70;0,21;147,86;0,74;0,16;68,77;46,38;1,45;4,63;7,25;2,63;0,42;2,15;-1,27;-0,19;0,54;0,50;0,11;7,80;0,22;0,78;0,08;7,42;-25,49;54.909,83;32,20;0,16;-1,46;216.468.381,90
HETA3;4,01;;-0,01;0,00;0,17;100,00;-10.956,88;-10.958,54;-0,01;-1,91;-1,89;;1,30;-0,04;-0,20;0,02;-31,00;-1.459,90;74,65;-47,10;48,10;0,13;-2,24;;;-1.088,28;-337,35;0,00;3.918.665,52
HETA4;9,25;;-0,03;-0,01;0,40;100,00;-10.956,88;-10.958,54;-0,03;-1,91;-1,89;;3,00;-0,08;-0,45;0,02;-31,00;-1.459,90;74,65;-47,10;48,10;0,13;-2,24;;12.216,48;-1.088,28;-337,35;0,00;3.918.665,52
HGTX3;16,95;2,61;7,99;1,69;1,17;39,09;7,56;31,95;33,74;31,65;-2,17;-0,11;2,55;3,44;-3,01;2,25;21,14;14,65;0,15;0,69;0,31;0,46;-7,54;4,05;42.999.530,96;9,98;2,11;0,13;2.745.198.195,93
HOOT3;0,00;;0,00;0,00;0,00;48,06;-190,02;-251,06;0,00;-0,30;0,01;;0,00;0,00;0,00;0,03;-19,11;-19,65;14,89;-1,03;2,03;0,08;-24,22;;;-25,85;-4,94;0,00;20.762.519,22
HOOT4;2,63;;-0,53;-0,10;0,10;48,06;-190,02;-251,06;-0,70;-0,30;0,01;;1,34;-0,08;-0,11;0,03;-19,11;-19,65;14,89;-1,03;2,03;0,08;-24,22;;6.336,75;-25,85;-4,94;0,02;20.762.519,22
HYPE3;32,74;3,63;15,99;2,24;1,20;64,30;32,26;31,67;15,70;16,41;0,58;0,08;5,07;3,93;-2,22;3,01;14,02;7,51;8,41;0,54;0,46;0,24;6,70;18,26;93.567.797,12;14,59;2,04;1,42;20.871.216.117,85
IDVL3;2,16;;-0,99;0,93;0,06;-18,91;-40,19;-154,60;-3,81;-3,84;;;1,53;0,48;-0,13;1,26;-94,38;-5,67;;0,06;0,94;0,04;-32,17;;289.164,47;2,31;-2,18;0,00;224.007.574,38
IDVL4;2,67;;-1,22;1,16;0,07;-18,91;-40,19;-154,60;-4,71;-3,84;;;1,89;0,59;-0,16;1,26;-94,38;-5,67;;0,06;0,94;0,04;-32,17;;89.696,16;2,31;-2,18;0,00;224.007.574,38
IGBR3;13,45;;-1,85;-0,18;0,88;80,85;-655,78;-1.542,07;-4,35;-27,72;-23,32;;28,56;-2,25;-0,95;0,15;-9,87;-47,71;198,41;-4,83;5,83;0,03;-8,75;;2.476.486,56;-73,87;-7,29;-0,07;170.692.785,90
IGSN3;0,00;;0,00;0,00;0,00;44,34;22,03;-0,81;0,00;7,29;7,29;1,50;0,00;0,00;0,00;2,39;-0,76;-0,21;5,64;0,28;0,72;0,26;10,03;;;3,91;-0,03;0,00;0,00
IGTA3;37,25;0,55;32,43;2,08;0,96;59,26;53,14;29,94;18,27;23,61;5,25;0,60;9,71;6,34;-1,30;2,33;6,42;2,95;4,39;0,46;0,54;0,10;1,21;0,88;81.512.985,64;17,83;1,15;-0,93;6.594.676.322,52
INEP3;37,00;;-0,71;-0,14;0,22;19,54;-4.232,60;-5.843,94;-0,99;-3,34;-2,38;;41,73;-0,15;-0,26;0,10;-19,63;-30,72;21,52;-1,57;2,57;0,01;-53,72;;524.680,88;-264,00;-51,81;1,04;293.596.270,95
INEP4;33,67;;-0,65;-0,13;0,20;19,54;-4.232,60;-5.843,94;-0,90;-3,34;-2,38;;37,98;-0,13;-0,24;0,10;-19,63;-30,72;21,52;-1,57;2,57;0,01;-53,72;;967.684,80;-264,00;-51,81;0,95;293.596.270,95
INNT3;0,00;;0,00;0,00;0,00;14,02;-11,37;-17,88;0,00;-5,51;-5,51;2,93;0,00;0,00;0,00;1,25;-83,52;-4,88;-9,96;0,06;0,94;0,27;37,50;;;0,55;-0,46;0,00;0,00
INTB3;20,80;;20,77;6,98;2,79;32,84;18,10;15,37;17,63;17,04;-0,65;-0,26;3,19;7,08;-17,07;1,89;33,59;13,43;25,39;0,40;0,60;0,87;;;30.347.892,52;2,98;1,00;0,28;6.837.243.865,70
IRBR3;6,06;2,18;-5,04;1,80;0,34;-18,47;-21,42;-17,94;-4,22;-4,23;;;0,90;-5,47;-1,05;0,92;-35,74;-6,70;;0,19;0,81;0,37;17,75;;197.048.817,40;3,36;-1,20;0,02;7.683.415.411,92
ITEC3;40,10;;-35,12;22,04;9,22;-121,18;-18.852,94;-7.435,88;-13,85;-13,21;0,64;-1,02;2.611,73;25,42;-16,70;5,23;-62,76;-26,24;-174,07;0,42;0,58;0,00;-75,29;;;1,82;-1,14;1,36;443.994.658,60
ITSA3;11,10;2,32;13,22;1,54;1,28;31,50;131,36;120,00;12,08;11,58;0,17;0,02;15,86;21,72;-1,44;2,15;11,64;9,72;11,36;0,84;0,16;0,08;3,78;-3,97;2.161.316,92;7,21;0,84;-0,42;88.138.841.831,10
ITSA4;10,22;2,52;12,15;1,41;1,18;31,50;131,36;120,00;11,10;11,58;0,17;0,02;14,58;19,95;-1,33;2,15;11,64;9,72;11,36;0,84;0,16;0,08;3,78;-3,97;298.050.522,60;7,21;0,84;-0,38;88.138.841.831,10
ITUB3;24,63;2,22;12,75;1,56;0,12;57,67;3,01;10,87;46,08;48,64;;;1,39;;-0,12;;12,23;0,94;;0,08;0,92;0,09;6,04;-10,45;14.981.636,52;15,76;1,93;-0,42;254.405.264.112,27
ITUB4;27,46;1,99;14,21;1,74;0,13;57,67;3,01;10,87;51,33;48,64;;;1,54;;-0,14;;12,23;0,94;;0,08;0,92;0,09;6,04;-10,45;1.055.850.022,76;15,76;1,93;-0,47;254.405.264.112,27
JALL3;8,02;;23,52;4,25;0,84;50,14;40,67;10,39;6,01;9,24;3,25;2,30;2,44;3,83;-1,58;1,88;18,08;3,57;14,56;0,20;0,80;0,34;;;7.108.840,60;1,89;0,34;;2.357.576.728,00
JBDU3;2,73;;-3,30;0,22;0,07;;;;-3,68;-4,80;-1,48;0,09;;-0,43;-0,07;0,00;-6,76;-2,26;-5,56;0,33;0,67;0,00;;;258.137,12;12,70;-0,86;0,05;12.832.325,57
JBDU4;2,42;;-2,83;0,19;0,06;;;;-3,16;-4,80;-1,48;0,09;;-0,37;-0,06;0,00;-6,76;-2,26;-5,56;0,33;0,67;0,00;;;466.363,88;12,70;-0,86;0,04;12.832.325,57
JBSS3;30,14;1,79;16,49;1,74;0,46;16,73;7,59;1,70;3,70;5,96;2,25;1,06;0,28;3,85;-0,73;1,48;10,56;2,81;15,44;0,27;0,73;1,65;10,65;-1,92;374.752.557,16;17,34;1,83;-0,68;75.936.745.684,80
JFEN3;4,33;;-2,70;-1,00;0,36;-22,06;-508,80;-581,90;-3,09;-6,99;-3,90;;15,72;-5,28;-2,28;0,93;-36,93;-13,17;-126,02;-0,36;1,36;0,02;-44,72;;55.586,00;-4,34;-1,60;0,04;455.532.518,95
JHSF3;6,82;5,26;7,25;1,22;0,64;69,23;69,73;54,99;5,72;6,37;0,64;0,14;3,99;5,97;-0,86;1,72;16,82;8,84;13,05;0,53;0,47;0,16;13,16;42,24;39.574.821,56;5,55;0,93;0,07;4.671.585.113,34
JOPA3;34,00;0,85;11,30;0,52;0,18;27,37;7,51;2,03;3,06;7,15;4,04;0,68;0,23;0,62;-0,53;1,76;4,56;1,57;3,94;0,34;0,66;0,77;8,16;5,14;59.273,12;65,93;3,01;0,06;365.170.597,84
JOPA4;74,88;0,42;24,90;1,14;0,39;27,37;7,51;2,03;6,75;7,15;4,04;0,68;0,51;1,36;-1,16;1,76;4,56;1,57;3,94;0,34;0,66;0,77;8,16;5,14;25.975,00;65,93;3,01;0,13;365.170.597,84
JPSA3;26,55;0,52;30,50;0,74;0,33;59,31;49,40;11,31;6,98;12,92;5,87;0,62;3,45;2,20;-0,45;2,33;2,41;1,09;3,93;0,45;0,55;0,10;1,23;;6.069.055,44;36,11;0,87;-0,75;2.358.945.430,16
JSLG3;8,41;0,66;13,04;2,21;0,49;10,67;6,91;6,39;12,05;21,74;9,63;1,77;0,83;2,47;-0,80;2,01;16,95;3,73;4,59;0,22;0,78;0,58;-13,95;22,94;3.269.730,80;3,80;0,65;-0,65;2.365.924.609,10
KEPL3;42,41;1,29;16,50;2,16;1,18;24,21;11,98;10,08;13,87;10,63;-3,29;-0,51;1,66;7,27;-2,80;1,39;13,07;7,13;11,01;0,55;0,45;0,71;-1,00;61,09;10.120.573,20;19,67;2,57;0,21;1.119.574.366,05
KLBN11;27,94;;-12,64;7,17;0,89;39,52;26,90;-20,82;9,78;15,96;6,15;4,51;2,63;4,38;-1,28;2,98;-56,74;-7,05;5,83;0,12;0,88;0,34;16,01;;244.653.976,92;3,90;-2,21;0,03;31.538.849.932,18
KLBN3;5,73;;-12,89;7,32;0,91;39,52;26,90;-20,82;9,98;15,96;6,15;4,51;2,68;4,47;-1,31;2,98;-56,74;-7,05;5,83;0,12;0,88;0,34;16,01;;2.839.577,72;0,78;-0,44;0,03;31.538.849.932,18
KLBN4;5,57;;-12,58;7,14;0,89;39,52;26,90;-20,82;9,73;15,96;6,15;4,51;2,62;4,36;-1,28;2,98;-56,74;-7,05;5,83;0,12;0,88;0,34;16,01;;13.018.913,88;0,78;-0,44;0,03;31.538.849.932,18
LAME3;20,92;1,03;99,52;2,47;0,82;33,48;6,74;1,85;27,31;29,17;0,26;0,02;1,84;2,01;-2,43;2,61;2,48;0,83;3,77;0,33;0,67;0,45;3,50;37,33;42.716.620,68;8,42;0,21;-2,26;41.507.915.336,29
LAME4;22,52;0,96;107,23;2,66;0,89;33,48;6,74;1,85;29,42;29,17;0,26;0,02;1,98;2,17;-2,62;2,61;2,48;0,83;3,77;0,33;0,67;0,45;3,50;37,33;275.637.931,32;8,42;0,21;-2,43;41.507.915.336,29
LAVV3;7,50;;17,21;1,24;0,95;41,67;33,06;26,01;13,55;6,28;-7,26;-0,66;4,48;1,46;-5,45;4,77;7,19;5,52;8,20;0,77;0,23;0,21;;;9.417.673,92;6,06;0,44;0,15;1.609.714.890,00
LCAM3;25,39;1,43;33,45;3,08;0,89;24,87;13,89;6,90;16,61;21,01;4,41;0,82;2,31;10,64;-1,33;1,34;9,21;2,67;5,88;0,29;0,71;0,39;51,17;83,45;72.201.805,80;8,23;0,76;2,38;12.896.290.568,85
LEVE3;23,78;2,32;24,47;2,27;1,09;26,09;8,06;5,18;15,74;15,62;-0,21;-0,03;1,27;5,42;-2,50;1,55;9,28;4,45;9,37;0,48;0,52;0,86;-0,25;-6,62;9.907.836,76;10,46;0,97;-0,47;3.064.006.980,00
LHER3;0,00;;0,00;0,00;0,00;63,41;22,35;10,99;0,00;-3,77;-3,77;-0,15;0,00;0,00;0,00;6,36;1,95;0,67;3,94;0,34;0,66;0,06;4,31;-51,59;;141,54;2,76;0,00;0,00
LHER4;0,00;;0,00;0,00;0,00;63,41;22,35;10,99;0,00;-3,77;-3,77;-0,15;0,00;0,00;0,00;6,36;1,95;0,67;3,94;0,34;0,66;0,06;4,31;-51,59;;141,54;2,76;0,00;0,00
LIGT3;20,01;;10,83;1,06;0,28;24,44;13,62;5,29;4,21;7,93;3,70;0,93;0,57;9,90;-0,41;1,10;9,78;2,62;8,51;0,27;0,73;0,50;3,68;78,83;51.379.998,56;18,99;1,86;-0,23;7.529.343.098,04
LINX3;37,92;0,30;-1.509,86;4,27;2,67;66,79;3,94;-0,55;210,94;203,56;-7,11;-0,14;8,31;10,47;-4,91;2,26;-0,28;-0,18;0,81;0,62;0,38;0,32;16,40;-10,47;44.627.796,88;8,89;-0,03;13,70;7.180.493.673,60
LIPR3;69,80;;18,14;4,03;3,31;;;;19,30;17,12;-2,18;-0,45;;11,87;-5,67;3,01;22,22;18,22;20,89;0,82;0,18;0,00;;53,51;15.807,67;17,31;3,85;-0,01;821.189.252,20
LJQQ3;16,21;0,42;44,62;6,32;1,37;41,32;9,47;4,19;19,72;18,88;-0,85;-0,27;1,87;4,84;-4,91;1,64;14,16;3,06;14,38;0,22;0,78;0,73;;;31.984.930,84;2,56;0,36;0,36;3.030.356.552,42
LLIS3;4,04;;-0,14;1,00;0,13;49,28;-209,69;-334,84;-0,22;-1,47;-1,25;5,67;0,46;1,17;-0,17;1,81;-724,31;-93,03;-98,21;0,13;0,87;0,28;-12,82;;286.202,16;4,02;-29,12;0,00;282.288.398,90
LOGG3;30,20;1,78;22,01;1,00;0,73;98,80;177,16;98,89;12,28;13,72;1,38;0,11;21,76;6,80;-0,90;2,37;4,54;3,32;4,06;0,73;0,27;0,03;8,78;52,67;14.934.504,20;30,15;1,37;0,40;3.094.400.774,66
LOGN3;15,97;;129,59;4,74;0,76;20,68;17,12;1,15;8,71;12,25;3,53;1,92;1,49;2,61;-1,46;2,54;3,66;0,59;9,07;0,16;0,84;0,51;4,71;;10.115.445,88;3,36;0,12;7,92;1.680.442.812,63
LPSB3;4,21;;-120,92;3,57;1,56;85,42;21,33;-3,07;17,42;13,44;-3,90;-0,80;3,72;5,37;-2,80;2,89;-2,96;-1,29;10,84;0,44;0,56;0,42;-3,97;;4.928.845,56;1,18;-0,03;-6,14;616.778.357,58
LREN3;43,23;0,75;31,17;6,21;2,33;57,23;11,37;14,54;39,88;40,90;0,83;0,13;4,53;10,47;-5,95;1,58;19,93;7,49;8,47;0,38;0,62;0,51;4,17;13,62;412.608.734,40;6,91;1,38;-121,32;34.330.859.455,20
LTEL3B;86,61;0,41;50,53;6,94;6,37;;;;49,31;49,51;0,20;0,03;;214,30;-6,79;1,93;13,74;12,61;13,34;0,92;0,08;0,00;;;;12,48;1,71;2,25;18.664.056.853,83
LUPA3;6,05;;7,92;1,16;0,33;22,81;10,91;37,70;27,37;45,50;17,69;0,75;2,99;1,36;-0,55;2,55;14,68;4,18;0,89;0,28;0,72;0,11;-27,27;;26.402.740,96;5,25;0,77;-0,04;165.711.601,98
LUXM3;0,00;;0,00;0,00;0,00;24,63;12,85;8,05;0,00;14,82;0,26;0,04;0,00;0,00;0,00;1,86;8,93;5,49;7,94;0,61;0,39;0,68;7,04;-0,09;;18,14;1,62;0,00;195.615.000,00
LUXM4;67,49;6,92;41,65;3,72;2,29;24,63;12,85;8,05;26,10;14,82;0,26;0,04;3,35;19,87;-3,04;1,86;8,93;5,49;7,94;0,61;0,39;0,68;7,04;-0,09;19.989,70;18,14;1,62;-1,19;195.615.000,00
LWSA3;24,98;0,13;738,20;21,62;10,03;42,06;9,05;4,04;329,79;324,31;-6,14;-0,40;29,85;40,83;-22,60;1,79;2,93;1,36;4,13;0,46;0,54;0,34;;;255.644.972,84;1,15;0,03;79,93;14.601.416.593,68
MAPT3;50,01;;-270,32;-8,00;59,45;;;;-271,92;-271,89;0,00;;;-9.190,79;-59,45;0,00;-2,96;-21,99;2,94;-7,43;8,43;0,00;;;5.001,00;-6,25;-0,19;-62,95;45.949.294,55
MAPT4;50,00;;-270,26;-7,99;59,44;;;;-271,86;-271,89;0,00;;;-9.188,95;-59,44;0,00;-2,96;-21,99;2,94;-7,43;8,43;0,00;;;5.000,00;-6,25;-0,19;-62,93;45.949.294,55
MBLY3;21,08;;-55,95;-120,42;7,26;40,05;-3,59;-6,67;-103,94;-107,94;-4,34;;3,73;-51,10;-22,08;0,83;-215,23;-12,98;-21,92;-0,06;1,06;1,94;;;6.374.328,80;-0,18;-0,38;-10,55;2.244.807.176,32
MDIA3;28,91;1,59;12,80;1,47;1,00;32,83;9,85;10,53;13,68;14,19;0,50;0,05;1,35;4,37;-1,67;2,37;11,49;7,85;8,29;0,68;0,32;0,75;9,43;4,81;33.242.661,36;19,60;2,25;0,34;9.783.540.000,00
MDNE3;8,67;;-7,29;0,73;0,35;27,07;-14,09;-19,50;-10,10;-11,16;-0,94;0,07;1,42;1,57;-0,61;2,12;-10,01;-4,82;-7,37;0,48;0,52;0,25;-8,09;;2.960.988,88;11,78;-1,18;-1,86;739.560.656,25
MEAL3;3,93;;-2,38;0,95;0,41;23,53;-48,27;-41,05;-2,02;-2,29;-0,24;0,12;0,98;3,47;-0,55;1,81;-40,09;-17,20;-37,26;0,43;0,57;0,42;-6,51;;25.596.940,92;4,13;-1,65;0,00;1.139.750.729,40
MELK3;5,58;;27,15;0,96;0,64;22,37;9,40;7,31;21,11;9,73;-11,38;-0,52;1,99;1,06;-5,67;3,15;3,55;2,37;3,28;0,67;0,33;0,32;;;3.963.980,84;5,76;0,20;-4,19;1.154.229.842,55
MERC3;27,66;;56,90;2,01;1,65;79,12;22,22;15,28;39,12;28,55;;;8,69;5,39;-2,71;4,63;3,54;2,90;;0,82;0,18;0,19;-30,32;;15.549,50;13,75;0,49;-1,11;363.551.422,35
MERC4;10,47;;21,54;0,76;0,63;79,12;22,22;15,28;14,81;28,55;;;3,29;2,04;-1,03;4,63;3,54;2,90;;0,82;0,18;0,19;-30,32;;4.192,70;13,75;0,49;-0,42;363.551.422,35
MGEL3;85,35;;-15,93;-1,23;1,24;14,76;14,38;-5,67;6,28;11,11;8,47;;0,90;3,09;-3,07;3,06;-7,73;-7,78;23,17;-1,01;2,01;1,37;5,03;;;-69,31;-5,36;-0,01;207.579.010,27
MGEL4;8,40;;-1,57;-0,12;0,12;14,76;14,38;-5,67;0,62;11,11;8,47;;0,09;0,30;-0,30;3,06;-7,73;-7,78;23,17;-1,01;2,01;1,37;5,03;;231.066,48;-69,31;-5,36;0,00;207.579.010,27
MGLU3;20,21;0,25;333,98;17,86;5,31;25,77;2,83;1,34;158,66;157,81;-1,48;-0,17;4,48;38,67;-16,67;1,25;5,35;1,59;8,90;0,30;0,70;1,18;26,58;;1.009.393.988,28;1,13;0,06;-5,81;131.343.311.598,08
MILS3;6,98;;-368,88;1,60;1,19;39,39;2,67;-0,94;129,38;122,57;-8,49;-0,10;3,46;4,30;-1,89;3,84;-0,43;-0,32;0,45;0,74;0,26;0,34;-2,55;;12.751.796,72;4,36;-0,02;4,12;1.773.771.859,20
MMAQ3;0,00;;0,00;0,00;0,00;7,76;4,97;3,47;0,00;-2,98;-3,02;-0,49;0,00;0,00;0,00;2,28;11,41;7,26;9,78;0,64;0,36;2,09;23,61;19,02;;3.911,73;446,27;0,00;1.115.195,25
MMAQ4;49,73;328,32;0,11;0,01;0,01;7,76;4,97;3,47;0,08;-2,98;-3,02;-0,49;0,00;0,02;-0,04;2,28;11,41;7,26;9,78;0,64;0,36;2,09;23,61;19,02;;3.911,73;446,27;0,00;1.115.195,25
MMXM3;29,00;;-2,25;-0,22;1,42;-2,34;-556,64;-31.589,06;-127,49;-309,08;-173,08;;709,65;-0,21;-1,50;0,01;-9,93;-63,22;0,43;-6,37;7,37;0,00;-6,95;;9.748.170,32;-125,54;-12,46;0,07;193.802.026,21
MNDL3;21,25;;-5,88;-0,35;0,05;33,68;9,39;-1,74;1,09;5,00;3,91;;0,10;-0,08;-0,07;0,34;-5,87;-0,81;91,13;-0,14;1,14;0,46;4,94;;39.168,14;-61,60;-3,61;0,44;52.705.525,00
MNPR3;9,40;;4,00;-0,18;0,27;28,27;14,58;6,37;1,75;1,84;0,01;;0,25;-0,16;-0,48;0,21;-4,41;6,78;-8,24;-1,54;2,54;1,06;4,62;;541.943,32;-52,92;2,33;-0,03;69.438.978,00
MOAR3;251,99;3,79;-330,36;3,17;1,87;-1,66;-27,33;-8,59;-103,82;-95,82;8,00;-0,24;28,38;5,60;-3,32;4,27;-0,96;-0,57;-7,67;0,59;0,41;0,07;94,65;;389.142,18;79,41;-0,76;3,02;3.087.185.179,79
MOSI3;21,41;;44,69;24,56;12,07;92,13;27,01;26,11;43,21;43,14;0,13;0,08;11,67;56,63;-26,87;1,63;54,96;27,00;38,28;0,49;0,51;1,03;;;52.554.491,88;0,87;0,48;;2.686.362.451,60
MOVI3;17,28;0,86;47,29;2,19;0,61;21,19;7,45;2,67;16,95;25,94;8,92;1,15;1,26;-75,79;-0,84;0,97;4,62;1,28;4,05;0,28;0,72;0,48;27,48;10,21;36.774.262,16;7,89;0,36;-0,91;5.180.301.172,62
MRFG3;17,58;;3,80;3,57;0,32;17,37;11,64;4,89;1,60;3,60;2,00;4,48;0,19;2,75;-0,59;1,33;93,96;8,36;23,40;0,09;0,91;1,71;28,12;;187.578.569,76;4,94;4,64;0,00;12.555.678.964,45
MRSA3B;51,09;0,66;40,37;4,03;1,56;30,16;26,71;11,94;18,04;14,47;1,85;0,41;4,82;-65,21;-1,87;0,88;9,98;3,87;10,23;0,39;0,61;0,32;2,59;7,78;14.503,17;12,68;1,27;-2,78;12.151.727.759,67
MRSA5B;16,68;2,22;13,18;1,32;0,51;30,16;26,71;11,94;5,89;14,47;1,85;0,41;1,57;-21,29;-0,61;0,88;9,98;3,87;10,23;0,39;0,61;0,32;2,59;7,78;9.900,00;12,68;1,27;-0,91;12.151.727.759,67
MRSA6B;29,62;1,25;23,41;2,34;0,90;30,16;26,71;11,94;10,46;14,47;1,85;0,41;2,79;-37,80;-1,09;0,88;9,98;3,87;10,23;0,39;0,61;0,32;2,59;7,78;5.801,00;12,68;1,27;-1,61;12.151.727.759,67
MRVE3;18,23;3,02;15,90;1,45;0,48;28,20;10,74;8,28;12,26;17,43;5,00;0,59;1,32;1,77;-0,92;2,37;9,12;3,05;5,37;0,33;0,67;0,37;6,89;0,85;65.243.961,76;12,50;1,14;-0,78;8.870.414.356,21
MSPA3;48,00;;-5,61;0,37;0,22;22,36;-65,25;-54,53;-4,69;-5,62;-0,86;0,07;3,06;9,04;-0,23;1,76;-6,63;-3,94;-8,90;0,59;0,41;0,07;-2,17;;13.800,00;129,21;-8,56;-0,11;312.225.541,76
MSPA4;54,19;;-6,33;0,42;0,25;22,36;-65,25;-54,53;-5,29;-5,62;-0,86;0,07;3,45;10,21;-0,26;1,76;-6,63;-3,94;-8,90;0,59;0,41;0,07;-2,17;;16.486,00;129,21;-8,56;-0,13;312.225.541,76
MSRO3;702,50;;17.076,54;360,19;75,79;30,06;15,05;0,90;1.022,20;1.029,27;7,07;2,49;153,79;-1.875,39;-105,58;0,87;2,11;0,44;7,88;0,21;0,79;0,49;14,18;;;1,95;0,04;1.023,48;18.271.898.550,00
MTIG3;0,00;;0,00;0,00;0,00;10,69;-6,12;-13,32;0,00;-11,70;-10,56;3,37;0,00;0,00;0,00;0,67;-69,40;-11,19;-21,36;0,16;0,84;0,84;0,14;;;93,61;-64,96;0,00;8.205.696,00
MTIG4;51,00;;-0,79;0,54;0,09;10,69;-6,12;-13,32;-1,71;-11,70;-10,56;3,37;0,10;-0,52;-0,13;0,67;-69,40;-11,19;-21,36;0,16;0,84;0,84;0,14;;14.181,25;93,61;-64,96;0,00;8.205.696,00
MTRE3;12,55;;27,54;1,32;1,01;33,98;9,26;11,75;34,96;16,21;-18,94;-0,72;3,24;1,53;-5,59;5,09;4,80;3,66;2,87;0,76;0,24;0,31;;;10.465.560,48;9,52;0,46;0,54;1.338.051.473,00
MTSA3;34,41;1,99;5,50;1,13;0,88;30,21;19,11;15,56;4,48;3,16;-1,11;-0,28;0,86;1,57;-3,44;4,09;20,50;16,06;14,60;0,78;0,22;1,03;10,62;28,09;;30,53;6,26;0,03;300.082.246,80
MTSA4;31,50;2,40;5,03;1,03;0,81;30,21;19,11;15,56;4,10;3,16;-1,11;-0,28;0,78;1,44;-3,15;4,09;20,50;16,06;14,60;0,78;0,22;1,03;10,62;28,09;177.630,38;30,53;6,26;0,02;300.082.246,80
MULT3;24,39;1,87;15,15;2,34;1,38;74,59;106,00;89,15;12,74;14,47;1,66;0,30;13,50;17,39;-1,67;1,84;15,47;9,13;11,12;0,59;0,41;0,10;0,31;21,64;169.780.903,24;10,38;1,60;0,14;14.688.603.393,75
MWET3;39,79;;3,29;-0,44;0,45;11,17;31,90;17,01;1,76;1,74;0,97;;0,56;-1,06;-0,59;0,37;-13,44;13,53;-27,44;-1,01;2,01;0,80;-0,73;;10.521,13;-89,91;12,09;-0,02;35.912.152,35
MWET4;6,19;;0,49;-0,07;0,07;11,17;31,90;17,01;0,26;1,74;0,97;;0,08;-0,16;-0,09;0,37;-13,44;13,53;-27,44;-1,01;2,01;0,80;-0,73;;46.716,64;-89,91;12,09;0,00;35.912.152,35
MYPK3;12,04;;-3,76;0,49;0,15;6,45;-2,11;-5,61;-10,00;-29,05;-19,03;0,92;0,21;2,28;-0,25;1,19;-12,93;-3,96;-2,09;0,31;0,69;0,71;5,05;;24.802.322,60;24,74;-3,20;0,02;1.850.783.996,04
NAFG3;64,37;;11,80;2,76;1,15;41,15;16,49;9,34;6,68;5,06;1,17;0,48;1,10;3,20;-2,87;2,52;23,42;9,77;15,89;0,42;0,58;1,05;7,87;33,76;;23,30;5,46;-1,14;508.315.292,42
NAFG4;19,02;;3,49;0,82;0,34;41,15;16,49;9,34;1,97;5,06;1,17;0,48;0,33;0,94;-0,85;2,52;23,42;9,77;15,89;0,42;0,58;1,05;7,87;33,76;;23,30;5,46;-0,34;508.315.292,42
NEMO3;0,00;;0,00;0,00;0,00;37,74;27,71;-9,65;0,00;7,56;7,56;8,63;0,00;0,00;0,00;2,20;-39,77;-2,89;1,90;0,07;0,93;0,30;24,40;;;42,74;-16,99;0,00;0,00
NEMO5;52,97;0,06;-3,12;1,24;0,09;37,74;27,71;-9,65;1,09;7,56;7,56;8,63;0,30;0,93;-0,11;2,20;-39,77;-2,89;1,90;0,07;0,93;0,30;24,40;;;42,74;-16,99;-0,01;0,00
NEMO6;0,00;;0,00;0,00;0,00;37,74;27,71;-9,65;0,00;7,56;7,56;8,63;0,00;0,00;0,00;2,20;-39,77;-2,89;1,90;0,07;0,93;0,30;24,40;;;42,74;-16,99;0,00;0,00
NEOE3;16,38;2,75;7,06;0,92;0,30;23,05;15,25;8,78;4,06;8,46;4,37;0,99;0,62;6,66;-0,39;1,25;13,06;4,24;8,22;0,32;0,68;0,48;16,97;50,84;30.822.160,40;17,72;2,31;0,27;19.966.964.729,60
NGRD3;7,40;;143,48;3,91;2,68;65,36;16,05;5,81;51,97;45,36;-6,96;-0,52;8,34;5,30;-7,33;4,95;2,72;1,87;3,77;0,69;0,31;0,32;;;26.016.928,88;1,90;0,05;3,35;1.785.194.228,40
NORD3;20,07;;-196,30;-0,95;7,72;90,77;121,22;-41,64;67,42;88,41;18,90;;81,73;-2,84;-8,27;0,02;-0,48;-3,93;-1,92;-8,13;9,13;0,09;;;29.683,74;-21,14;-0,10;-1,87;136.998.545,34
NRTQ3;0,00;;0,00;0,00;0,00;30,20;18,39;11,87;0,00;-0,69;-0,69;-0,16;0,00;0,00;0,00;3,80;14,95;10,84;15,75;0,72;0,28;0,91;9,55;6,53;;13,19;1,97;0,00;0,00
NTCO3;48,64;;-102,31;2,43;1,09;64,17;2,14;-1,76;84,25;91,22;6,94;0,20;1,80;25,83;-1,58;1,16;-2,37;-1,07;1,25;0,45;0,55;0,61;36,13;;325.155.809,80;19,91;-0,47;0,20;66.548.379.734,48
NUTR3;279,70;;10,43;2,20;0,53;19,50;7,18;4,56;6,63;7,91;1,28;0,43;0,48;1,57;-1,21;2,56;21,10;5,13;18,16;0,24;0,76;1,12;16,61;;55.322,00;127,11;26,82;-0,12;35.785.936,80
ODER4;190,00;0,13;18,05;7,54;3,66;34,98;25,92;20,60;14,34;14,91;0,56;0,30;3,72;9,39;-14,73;2,08;41,79;20,28;25,66;0,49;0,51;0,98;8,36;;37.500,00;25,19;10,52;0,04;2.144.550.140,00
ODPV3;13,26;3,82;19,42;5,81;3,65;59,60;29,17;20,46;13,62;12,30;-1,43;-0,61;3,97;15,77;-7,53;1,81;29,93;18,80;29,39;0,63;0,37;0,92;7,15;10,22;18.481.486,24;2,27;0,68;0,72;7.071.533.681,52
OFSA3;32,27;1,36;19,40;3,10;1,58;51,22;13,99;12,29;17,05;18,52;1,48;0,27;2,38;3,95;-4,10;2,85;16,00;8,13;10,26;0,51;0,49;0,66;6,45;5,33;483.656,08;10,40;1,66;0,21;1.740.934.423,62
OGXP3;1,63;;-2,15;-0,98;0,92;;;;-9,26;-9,26;0,00;;;-0,98;;0,51;-45,53;-43,02;10,57;-0,94;1,94;0,00;;;;-1,67;-0,76;0,02;52.747.073,84
OIBR3;1,88;;-1,06;1,44;0,15;21,68;-19,51;-113,42;-6,18;-18,41;-12,17;2,84;1,21;0,71;-0,28;1,88;-135,52;-14,26;-15,72;0,11;0,89;0,13;-19,43;;237.983.810,84;1,30;-1,77;-0,06;11.307.469.015,40
OIBR4;2,59;;-1,46;1,98;0,21;21,68;-19,51;-113,42;-8,51;-18,41;-12,17;2,84;1,66;0,98;-0,39;1,88;-135,52;-14,26;-15,72;0,11;0,89;0,13;-19,43;;12.280.959,00;1,30;-1,77;-0,09;11.307.469.015,40
OMGE3;39,71;;157,45;2,02;0,73;36,92;47,53;4,48;14,83;24,66;9,81;1,34;7,05;10,98;-0,84;2,16;1,28;0,47;4,79;0,36;0,64;0,10;50,40;62,86;45.915.397,88;19,61;0,25;1,93;7.778.713.678,08
OPCT3;8,25;;-72,32;10,43;1,47;19,48;11,06;-3,55;23,21;32,33;8,98;4,03;2,57;22,20;-2,09;1,29;-14,43;-2,03;6,40;0,14;0,86;0,57;;;11.587.586,00;0,79;-0,11;0,21;1.659.664.298,20
ORVR3;20,99;;423,06;18,13;2,24;37,45;26,35;0,90;14,52;17,42;3,09;3,86;3,83;-34,38;-2,91;0,78;4,29;0,53;19,46;0,12;0,88;0,58;;;5.327.474,52;1,16;0,05;19,24;1.479.014.379,00
OSXB3;16,25;;-0,06;-0,01;0,03;100,00;-5.794,61;-8.675,46;-0,09;-7,83;-7,74;;5,10;-0,10;-0,03;0,02;-15,94;-58,50;63,72;-3,67;4,67;0,01;-44,40;;1.605.475,92;-1.733,99;-276,44;0,00;51.596.342,82
PARD3;20,65;1,40;21,31;3,67;1,37;27,11;13,40;8,47;13,47;14,22;0,76;0,21;1,81;8,93;-2,36;1,57;17,23;6,43;14,10;0,37;0,63;0,76;14,12;8,50;11.467.180,40;5,61;0,97;-1,07;2.695.539.485,10
PATI3;43,00;0,42;4,30;1,30;0,57;17,50;16,43;12,71;3,33;3,23;-0,14;-0,05;0,55;1,15;-3,06;2,60;30,18;13,32;14,13;0,44;0,56;1,05;17,73;75,16;19.736,42;33,09;9,99;0,00;794.992.450,00
PATI4;55,00;5,09;5,51;1,66;0,73;17,50;16,43;12,71;4,26;3,23;-0,14;-0,05;0,70;1,47;-3,91;2,60;30,18;13,32;14,13;0,44;0,56;1,05;17,73;75,16;46.749,75;33,09;9,99;0,01;794.992.450,00
PCAR3;33,63;1,73;4,14;0,54;0,17;26,83;5,13;4,25;3,43;3,58;0,17;0,03;0,18;-10,71;-0,25;0,95;12,96;4,09;7,58;0,32;0,68;0,96;6,62;;221.855.832,88;62,63;8,12;0,02;8.979.043.431,82
PCAR4;72,11;;8,88;1,15;0,36;26,83;5,13;4,25;7,36;3,58;0,17;0,03;0,38;-22,98;-0,54;0,95;12,96;4,09;7,58;0,32;0,68;0,96;6,62;;;62,63;8,12;0,05;8.979.043.431,82
PDGR3;5,31;;-0,10;-0,01;0,03;34,30;-132,93;-218,36;-0,16;-4,28;-4,13;;0,21;-0,02;-0,12;0,38;-8,44;-26,27;9,12;-3,11;4,11;0,12;-35,22;;764.421,60;-667,48;-56,36;0,00;42.593.522,40
PDTC3;6,69;;30,08;5,03;1,37;36,43;10,49;10,17;29,16;31,32;1,19;0,21;3,06;3,97;-5,98;1,82;16,71;4,57;9,30;0,27;0,73;0,45;173,12;;922.862,96;1,31;0,22;0,14;535.027.492,78
PEAB3;60,96;52,69;1,69;1,39;0,88;30,66;392,40;256,85;1,10;0,86;-0,30;-0,38;4,33;2,70;-2,39;2,08;82,34;52,47;81,43;0,64;0,36;0,20;-8,83;78,06;10.993,00;43,91;36,15;0,00;825.373.355,94
PEAB4;67,50;52,34;1,87;1,54;0,98;30,66;392,40;256,85;1,22;0,86;-0,30;-0,38;4,80;2,99;-2,65;2,08;82,34;52,47;81,43;0,64;0,36;0,20;-8,83;78,06;16.640,75;43,91;36,15;0,00;825.373.355,94
PETR3;23,93;1,00;43,99;1,00;0,32;45,56;18,24;2,61;6,30;12,97;6,62;1,06;1,15;51,80;-0,37;1,04;2,28;0,72;6,17;0,32;0,68;0,28;-3,29;;603.644.762,00;23,85;0,54;-0,53;315.380.743.714,84
PETR4;24,19;0,00;44,45;1,02;0,32;45,56;18,24;2,61;6,37;12,97;6,62;1,06;1,16;52,34;-0,37;1,04;2,28;0,72;6,17;0,32;0,68;0,28;-3,29;;1.881.396.718,16;23,85;0,54;-0,54;315.380.743.714,84
PETZ3;20,26;0,16;136,71;15,51;4,22;48,27;8,64;4,06;64,32;64,55;0,07;0,02;5,56;34,41;-7,93;1,35;11,34;3,08;11,13;0,27;0,73;0,76;;;76.035.992,00;1,31;0,15;0,93;8.001.961.231,38
PFRM3;5,88;;13,86;0,51;0,19;13,93;2,20;0,95;6,01;7,91;1,90;0,16;0,13;0,77;-0,57;1,61;3,65;1,39;4,52;0,38;0,62;1,46;9,61;;3.463.090,72;11,59;0,42;0,04;724.304.722,05
PGMN3;9,36;;43,02;2,13;0,72;30,92;4,69;1,40;12,84;13,55;0,80;0,13;0,60;3,28;-1,59;1,67;4,95;1,67;10,44;0,34;0,66;1,19;8,17;25,42;7.000.433,84;4,37;0,22;-0,03;4.100.537.012,88
PINE3;0,00;;0,00;0,00;0,00;21,25;-18,97;-9,65;0,00;-1,33;;;0,00;0,00;0,00;0,65;-8,03;-0,46;;0,06;0,94;0,05;4,73;;;5,35;-0,43;0,00;166.208.021,38
PINE4;2,28;;-5,29;0,42;0,02;21,25;-18,97;-9,65;-2,69;-1,33;;;0,51;-0,20;-0,03;0,65;-8,03;-0,46;;0,06;0,94;0,05;4,73;;370.443,28;5,35;-0,43;0,12;166.208.021,38
PLAS3;5,35;;-0,57;-0,35;0,11;-1,27;-22,66;-31,69;-0,79;-2,59;-1,79;;0,18;-0,63;-0,15;0,61;-61,84;-19,34;1.554,27;-0,31;1,31;0,61;-5,14;;100.756,72;-15,23;-9,42;0,00;66.475.986,30
PLPL3;6,44;;9,87;5,67;1,36;36,81;16,71;14,67;8,67;9,29;0,57;0,38;1,45;1,73;-23,34;5,92;57,44;13,75;25,06;0,24;0,76;0,94;;;4.121.285,24;1,13;0,65;0,34;1.311.323.520,00
PMAM3;9,12;;-0,46;-1,99;0,10;2,99;-5,35;-20,07;-1,72;-13,60;-11,84;;0,09;-0,19;-0,18;0,47;-433,86;-21,37;-8,87;-0,05;1,05;1,06;-4,39;;664.997,48;-4,58;-19,85;0,00;403.655.795,70
PNVL3;19,49;0,70;52,34;2,91;1,34;29,22;3,27;1,99;31,89;33,90;2,36;0,21;1,04;4,21;-3,59;2,03;5,56;2,56;5,37;0,46;0,54;1,28;7,26;4,40;15.823.919,52;6,67;0,37;-1,95;2.907.043.541,00
PNVL4;19,21;0,78;51,82;2,88;1,33;29,22;3,27;1,99;31,58;33,90;2,36;0,21;1,03;4,16;-3,56;2,03;5,56;2,56;5,37;0,46;0,54;1,28;7,26;4,40;211.546,60;6,67;0,37;-1,93;2.907.043.541,00
POMO3;2,54;0,78;23,25;0,93;0,41;16,59;4,80;2,89;14,00;20,71;5,72;0,38;0,67;1,66;-0,90;1,85;3,98;1,77;2,81;0,44;0,56;0,61;5,56;0,36;634.712,00;2,75;0,11;-0,48;2.584.051.647,74
POMO4;2,82;0,71;25,80;1,03;0,46;16,59;4,80;2,89;15,54;20,71;5,72;0,38;0,75;1,84;-1,00;1,85;3,98;1,77;2,81;0,44;0,56;0,61;5,56;0,36;22.570.880,60;2,75;0,11;-0,53;2.584.051.647,74
POSI3;7,89;0,40;5,91;1,09;0,40;20,47;12,67;8,71;4,06;4,80;0,79;0,21;0,51;1,34;-1,84;1,61;18,48;6,76;11,20;0,37;0,63;0,78;3,53;;37.557.663,88;7,29;1,35;0,01;1.113.130.000,00
POWE3;14,37;;41,95;5,80;1,45;10,03;6,46;2,50;16,24;16,53;0,23;0,08;1,05;17,42;-3,54;1,16;13,83;3,45;19,09;0,25;0,75;1,38;;;6.284.985,88;2,48;0,34;-0,73;1.293.719.572,08
PPAR3;14,60;;-11,37;0,02;0,01;;;;-7,45;9,05;16,50;-0,05;;0,43;-0,02;;-0,18;-0,13;-0,28;0,71;0,29;0,00;;;;707,46;-1,28;0,09;1.080.400,00
PPLA11;10,72;;-197,79;5.815,10;53,35;;;;-197,79;-197,03;;;;;-53,35;;-2.940,00;-26,97;;0,01;0,99;0,00;;;41.052,04;0,00;-0,05;1,99;28.962.913,14
PRIO3;93,65;;36,30;5,22;2,42;32,42;49,51;23,78;17,43;18,99;1,81;0,54;8,63;-53,36;-3,32;0,86;14,37;6,67;16,03;0,46;0,54;0,28;49,72;32,61;666.519.262,72;17,94;2,58;-1,26;16.199.934.105,18
PRNR3;8,21;;-149,31;1,41;0,95;11,21;-1,91;-0,88;-68,85;-59,87;9,99;-0,21;1,32;2,31;-2,42;3,08;-0,95;-0,63;-4,38;0,67;0,33;0,72;;;996.911,24;5,81;-0,06;2,30;323.592.402,91
PSSA3;47,43;3,97;9,05;1,70;0,42;100,00;9,04;9,07;9,07;2,86;-6,22;-1,17;0,82;3,53;-1,32;1,21;18,83;4,60;8,56;0,24;0,76;0,51;3,79;11,08;48.427.066,04;27,74;5,22;0,40;15.298.226.179,60
PTBL3;9,14;1,66;10,97;3,37;0,69;34,57;8,68;9,63;12,17;15,51;3,47;0,96;1,06;7,99;-1,26;1,24;30,73;6,30;6,37;0,21;0,79;0,65;4,66;19,48;31.095.678,48;2,70;0,83;0,01;1.390.764.249,00
PTCA11;0,00;;0,00;0,00;0,00;42,91;5,08;4,04;0,00;4,21;4,21;0,53;0,00;0,00;0,00;1,71;9,95;3,51;5,00;0,35;0,65;0,87;62,04;64,28;;13,13;1,31;0,00;0,00
PTCA3;0,00;;0,00;0,00;0,00;42,91;5,08;4,04;0,00;4,21;4,21;0,53;0,00;0,00;0,00;1,71;9,95;3,51;5,00;0,35;0,65;0,87;62,04;64,28;;13,13;1,31;0,00;0,00
PTNT3;15,37;;38,85;2,44;1,05;14,30;6,27;3,39;20,99;14,54;3,26;0,38;1,32;11,74;-1,99;1,24;6,28;2,71;6,34;0,43;0,57;0,80;1,60;-29,08;601.751,04;6,30;0,40;-1,22;397.198.937,80
PTNT4;4,99;;12,33;0,77;0,33;14,30;6,27;3,39;6,66;14,54;3,26;0,38;0,42;3,73;-0,63;1,24;6,28;2,71;6,34;0,43;0,57;0,80;1,60;-29,08;192.388,00;6,30;0,40;-0,39;397.198.937,80
QUAL3;28,59;1,03;20,63;4,80;1,84;81,59;30,07;19,35;13,28;14,34;1,00;0,36;3,99;16,47;-2,92;1,43;23,26;8,90;14,89;0,38;0,62;0,46;3,21;10,41;90.376.309,80;5,93;1,38;-123,70;8.125.649.838,25
QUSW3;0,00;;0,00;0,00;0,00;30,20;16,19;7,79;0,00;0,30;0,30;0,13;0,00;0,00;0,00;1,17;20,00;8,78;18,00;0,44;0,56;1,13;15,13;6,21;;58,44;11,69;0,00;0,00
QVQP3B;0,00;;0,00;0,00;0,00;;;;0,00;1,14;1,14;-0,97;;0,00;;;-84,00;-84,00;-85,33;1,00;0,00;0,00;;;;0,00;0,00;0,00;0,00
RADL3;24,62;0,52;83,78;9,17;2,94;29,36;4,56;2,41;44,31;45,32;0,84;0,17;2,02;18,29;-5,96;1,46;10,95;3,50;13,08;0,32;0,68;1,45;17,66;7,84;163.884.919,80;2,68;0,29;-2,25;40.736.593.800,00
RAIL3;20,50;;127,29;2,47;0,82;32,22;27,97;4,27;19,41;25,62;6,23;0,79;5,43;6,22;-1,08;2,25;1,94;0,65;5,05;0,33;0,67;0,15;10,92;;218.485.698,20;8,25;0,16;-2,06;37.787.756.160,58
RANI3;5,64;1,96;15,50;1,83;0,79;31,60;16,08;9,01;8,69;10,21;1,46;0,31;1,40;2,91;-1,38;2,78;11,80;5,11;10,79;0,43;0,57;0,57;6,30;184,81;11.999.968,96;3,06;0,36;-0,07;1.447.902.125,40
RANI4;5,50;1,25;15,22;1,80;0,78;31,60;16,08;9,01;8,53;10,21;1,46;0,31;1,37;2,86;-1,35;2,78;11,80;5,11;10,79;0,43;0,57;0,57;6,30;184,81;644.391,25;3,06;0,36;-0,07;1.447.902.125,40
RAPT3;10,64;2,30;5,46;1,36;0,40;25,18;18,92;12,39;3,58;5,39;1,13;0,43;0,68;1,60;-0,99;1,75;24,95;7,40;9,99;0,30;0,70;0,60;11,59;;295.124,28;7,70;1,92;0,03;4.319.441.164,89
RAPT4;13,60;1,79;7,04;1,76;0,52;25,18;18,92;12,39;4,61;5,39;1,13;0,43;0,87;2,06;-1,27;1,75;24,95;7,40;9,99;0,30;0,70;0,60;11,59;;43.477.718,12;7,70;1,92;0,04;4.319.441.164,89
RCSL3;8,10;;-448,50;-9,44;13,91;19,77;2,32;-4,79;925,46;427,68;-1,68;;21,49;-108,63;-24,52;0,77;-2,11;-3,10;-1,02;-1,47;2,47;0,65;117,05;;12.588.250,36;-0,86;-0,02;7,41;284.241.219,78
RCSL4;1,46;;-80,49;-1,69;2,50;19,77;2,32;-4,79;166,08;427,68;-1,68;;3,86;-19,49;-4,40;0,77;-2,11;-3,10;-1,02;-1,47;2,47;0,65;117,05;;3.335.129,28;-0,86;-0,02;1,33;284.241.219,78
RDNI3;8,90;0,10;77,51;0,62;0,25;26,54;11,61;1,40;9,36;18,21;8,81;0,59;1,09;1,32;-0,40;1,97;0,80;0,32;2,91;0,40;0,60;0,23;-10,68;-15,50;219.951,36;14,29;0,11;-0,56;390.426.687,36
RDOR3;65,76;0,31;304,24;9,31;2,85;18,30;11,67;3,05;79,60;85,76;5,02;0,59;9,29;7,02;-5,61;5,81;3,06;0,94;4,25;0,31;0,69;0,31;;;123.194.308,52;7,05;0,22;-6,55;132.202.935.251,45
REDE3;9,16;1,02;21,25;3,37;0,89;21,85;16,20;8,05;10,56;13,41;2,84;0,91;1,71;7,57;-1,40;1,48;15,88;4,20;9,80;0,26;0,74;0,52;6,59;23,64;129.721,46;2,72;0,43;0,76;19.330.562.105,84
RENT3;62,21;0,56;44,67;7,74;2,29;28,12;17,48;10,17;25,99;29,56;3,62;1,08;4,54;36,77;-3,15;1,30;17,32;5,13;8,60;0,30;0,70;0,50;21,28;21,10;339.457.110,00;7,98;1,38;1,74;46.729.131.538,70
RLOG3;23,08;;82,76;4,26;0,23;34,71;29,67;1,85;5,17;12,09;6,92;5,71;1,53;1,49;-0,31;2,64;5,15;0,28;5,46;0,05;0,71;0,15;50,58;42,36;105.214.775,75;5,41;0,28;-2,42;10.691.215.482,28
RNEW11;12,75;;7,90;-0,16;0,08;33,65;-3,93;31,82;-63,96;-574,41;-510,44;;2,52;0,65;-0,14;1,38;-2,03;0,98;-1,17;-0,48;1,48;0,03;-29,67;-28,28;138.367,20;-79,65;1,61;-0,08;177.308.827,00
RNEW3;4,44;;8,26;-0,17;0,08;33,65;-3,93;31,82;-66,82;-574,41;-510,44;;2,63;0,68;-0,14;1,38;-2,03;0,98;-1,17;-0,48;1,48;0,03;-29,67;-28,28;147.930,00;-26,55;0,54;-0,08;177.308.827,00
RNEW4;4,18;;7,77;-0,16;0,08;33,65;-3,93;31,82;-62,91;-574,41;-510,44;;2,47;0,64;-0,13;1,38;-2,03;0,98;-1,17;-0,48;1,48;0,03;-29,67;-28,28;266.142,60;-26,55;0,54;-0,08;177.308.827,00
ROMI3;26,80;7,64;11,29;2,42;1,13;30,71;10,98;17,93;18,42;20,55;2,00;0,26;2,02;4,09;-2,90;1,82;21,42;9,99;7,50;0,47;0,53;0,56;9,91;88,47;48.535.834,48;11,11;2,38;0,33;1.982.215.911,66
RPAD3;6,92;;17,26;0,57;0,56;94,85;34.974,23;35.003,09;17,27;19,02;-0,62;-0,02;6.041,25;46,33;-0,58;2,32;3,30;3,27;3,30;0,99;0,01;0,00;-12,49;-8,01;9.738,45;12,14;0,40;-1,02;666.436.226,44
RPAD5;9,00;6,06;22,45;0,74;0,73;94,85;34.974,23;35.003,09;22,47;19,02;-0,62;-0,02;7.857,12;60,25;-0,75;2,32;3,30;3,27;3,30;0,99;0,01;0,00;-12,49;-8,01;7.028,67;12,14;0,40;-1,32;666.436.226,44
RPAD6;5,55;;13,84;0,46;0,45;94,85;34.974,23;35.003,09;13,85;19,02;-0,62;-0,02;4.845,22;37,16;-0,46;2,32;3,30;3,27;3,30;0,99;0,01;0,00;-12,49;-8,01;4.411,08;12,14;0,40;-0,82;666.436.226,44
RPMG3;3,11;;-0,52;-0,07;0,07;-7,38;-25,80;-27,61;-0,56;-0,55;0,00;;0,14;-0,08;-0,91;0,52;-12,93;-12,76;12,08;-0,99;1,99;0,46;16,06;;248.099,36;-47,18;-6,10;-0,01;211.874.798,77
RRRP3;37,13;;-18,91;4,55;2,32;47,99;-84,38;-126,92;-28,44;-28,17;0,42;-0,07;24,00;7,46;-3,67;6,74;-24,07;-12,29;-11,55;0,51;0,49;0,10;;;32.756.320,16;8,14;-1,96;-0,03;4.927.756.917,66
RSID3;9,71;;11,24;-0,30;0,10;44,54;-499,55;19,62;-0,44;-2,63;-2,18;;2,21;-0,14;-0,16;0,33;-2,70;0,92;-132,00;-0,34;1,34;0,05;-42,64;;2.113.453,48;-32,28;0,87;-0,11;169.646.502,93
RSUL3;0,00;;0,00;0,00;0,00;37,28;32,26;-2,92;0,00;0,85;0,07;;0,00;0,00;0,00;0,45;-69,78;-2,41;1.247,87;-0,03;1,03;0,82;11,33;;;-14,03;-9,79;0,00;49.200.000,00
RSUL4;205,00;;-20,93;-14,61;0,50;37,28;32,26;-2,92;1,90;0,85;0,07;;0,61;-1,27;-0,75;0,45;-69,78;-2,41;1.247,87;-0,03;1,03;0,82;11,33;;52.940,10;-14,03;-9,79;0,16;49.200.000,00
SANB11;38,79;2,66;10,35;1,71;0,15;16,13;7,82;14,15;18,75;18,78;;;1,47;-0,31;-0,18;0,26;16,53;1,42;;0,09;0,91;0,10;-2,12;6,46;123.717.154,44;22,64;3,74;-0,72;145.546.487.699,91
SANB3;18,71;2,61;10,02;1,66;0,14;16,13;7,82;14,15;18,14;18,78;;;1,42;-0,30;-0,17;0,26;16,53;1,42;;0,09;0,91;0,10;-2,12;6,46;1.080.213,44;11,32;1,87;-0,69;145.546.487.699,91
SANB4;20,01;2,69;10,71;1,77;0,15;16,13;7,82;14,15;19,39;18,78;;;1,52;-0,32;-0,18;0,26;16,53;1,42;;0,09;0,91;0,10;-2,12;6,46;1.462.992,56;11,32;1,87;-0,74;145.546.487.699,91
SAPR11;21,68;4,59;6,56;0,94;0,50;59,97;32,72;20,76;4,16;5,95;1,77;0,40;1,36;21,26;-0,57;1,21;14,35;7,55;11,34;0,53;0,47;0,36;10,07;17,84;46.150.147,56;22,97;3,30;-0,85;6.564.676.774,54
SAPR3;4,38;4,21;6,63;0,95;0,50;59,97;32,72;20,76;4,20;5,95;1,77;0,40;1,38;21,48;-0,58;1,21;14,35;7,55;11,34;0,53;0,47;0,36;10,07;17,84;2.647.809,88;4,59;0,66;-0,86;6.564.676.774,54
SAPR4;4,35;4,64;6,61;0,95;0,50;59,97;32,72;20,76;4,20;5,95;1,77;0,40;1,37;21,43;-0,58;1,21;14,35;7,55;11,34;0,53;0,47;0,36;10,07;17,84;24.182.256,36;4,59;0,66;-0,85;6.564.676.774,54
SBFG3;27,48;;-58,39;3,38;1,06;43,63;-3,02;-4,68;-90,47;-109,37;-17,67;0,66;2,74;4,58;-2,27;1,78;-5,78;-1,82;-4,32;0,31;0,69;0,39;;;50.810.689,80;8,06;-0,47;0,43;6.673.740.492,47
SBSP3;41,28;3,33;29,02;1,24;0,56;37,18;25,24;5,47;6,29;9,31;2,99;0,59;1,59;52,25;-0,64;1,09;4,27;1,93;10,34;0,45;0,55;0,35;8,73;12,66;174.015.633,84;33,35;1,42;-0,41;28.386.164.859,57
SCAR3;38,85;0,16;25,65;1,44;0,73;80,17;64,73;25,73;10,20;14,74;4,54;0,64;6,60;6,03;-0,90;2,73;5,61;2,84;5,87;0,51;0,49;0,11;-6,59;-11,47;327.465,80;26,95;1,51;22,58;2.240.207.977,20
SEDU3;23,80;;-13,36;15,00;1,53;48,36;-15,73;-25,77;-21,89;-27,94;-6,05;4,15;3,44;57,90;-2,27;1,09;-112,29;-11,46;-13,15;0,10;0,90;0,44;12,49;;;1,59;-1,78;0,01;6.238.667.820,00
SEER3;13,39;2,45;10,36;1,20;0,55;53,56;25,05;13,20;5,46;5,18;-0,29;-0,06;1,37;2,70;-0,85;2,41;11,57;5,34;13,32;0,46;0,54;0,40;4,15;0,49;12.235.667,32;11,08;1,28;0,49;1.711.996.748,00
SEQL3;26,76;;488,81;8,35;2,50;21,58;4,38;0,70;78,62;83,30;4,35;0,46;3,44;9,02;-5,15;2,16;1,71;0,51;3,30;0,30;0,70;0,73;;;14.194.663,16;3,18;0,05;-2,46;3.449.582.545,95
SGPS3;7,52;;-1,17;0,34;0,12;32,98;3,20;-20,91;7,62;23,69;15,96;0,71;0,24;1,39;-0,21;1,25;-29,02;-10,14;-1,12;0,35;0,65;0,49;-7,50;;843.443,60;22,12;-6,42;0,00;379.500.000,00
SHOW3;3,70;;-2,33;1,33;0,48;-37,76;-199,18;-271,46;-3,17;-2,50;0,72;-0,30;6,32;3,42;-0,93;1,40;-57,14;-20,51;-28,17;0,36;0,64;0,08;-40,82;;1.150.205,96;2,82;-1,61;-0,04;256.842.116,49
SHUL3;0,00;;0,00;0,00;0,00;22,97;13,67;13,49;0,00;7,64;1,70;0,33;0,00;0,00;0,00;2,28;19,10;7,96;7,62;0,42;0,58;0,59;10,16;24,14;;8,31;1,59;0,00;853.012.301,68
SHUL4;16,86;1,84;10,63;2,03;0,85;22,97;13,67;13,49;10,49;7,64;1,70;0,33;1,43;2,30;-2,45;2,28;19,10;7,96;7,62;0,42;0,58;0,59;10,16;24,14;3.988.289,24;8,31;1,59;0,23;853.012.301,68
SIMH3;38,05;0,45;28,34;2,43;0,31;20,60;10,50;2,81;7,59;16,64;9,02;2,88;0,80;1,31;-0,56;2,08;8,56;1,08;3,83;0,13;0,87;0,38;10,36;53,42;25.318.431,40;15,65;1,34;1,28;7.847.116.995,60
SLCE3;47,08;2,09;18,36;2,85;1,04;27,63;20,16;12,62;11,49;12,46;1,04;0,26;2,32;4,81;-2,04;1,80;15,51;5,69;10,82;0,37;0,63;0,45;17,07;33,35;52.279.436,92;16,53;2,56;0,32;8.917.940.050,00
SLED3;1,11;;-0,17;-0,13;0,21;30,89;-155,25;-170,34;-0,18;-0,78;-0,65;;0,29;-1,03;-0,38;0,68;-76,97;-125,93;142,46;-1,64;2,64;0,74;-32,61;;567.719,16;-8,60;-6,62;-0,01;50.201.916,15
SLED4;0,61;;-0,09;-0,07;0,12;30,89;-155,25;-170,34;-0,10;-0,78;-0,65;;0,16;-0,57;-0,21;0,68;-76,97;-125,93;142,46;-1,64;2,64;0,74;-32,61;;1.040.908,32;-8,60;-6,62;0,00;50.201.916,15
SMFT3;0,00;;0,00;0,00;0,00;-0,83;-31,34;-47,65;0,00;-4,06;-4,05;0,65;0,00;0,00;0,00;1,21;-24,25;-7,05;-8,74;0,29;0,71;0,15;18,59;;;110,79;-26,86;0,00;0,00
SMLS3;21,63;24,54;13,67;1,98;0,80;82,71;36,70;34,20;12,74;9,27;-3,50;-0,54;4,68;2,82;-2,95;1,63;14,51;5,83;8,72;0,40;0,60;0,17;;;75.332.742,08;10,88;1,58;-0,20;2.684.316.563,86
SMTO3;31,28;1,74;12,80;3,30;0,91;34,82;35,23;20,07;7,29;10,28;3,02;1,36;2,57;6,31;-1,28;2,01;25,77;7,12;12,82;0,28;0,72;0,35;14,03;17,25;42.587.939,28;9,45;2,44;0,27;11.002.672.105,32
SNSY3;14,37;;-0,79;-0,08;0,28;14,98;-9,89;-27,33;-2,19;-3,53;-2,26;;0,22;-0,81;-0,62;0,62;-10,13;-34,99;4,07;-3,45;4,45;1,28;4,14;;15.456,38;-178,74;-18,12;0,04;64.599.576,00
SNSY5;5,22;;-0,29;-0,03;0,10;14,98;-9,89;-27,33;-0,80;-3,53;-2,26;;0,08;-0,29;-0,23;0,62;-10,13;-34,99;4,07;-3,45;4,45;1,28;4,14;;84.797,17;-178,74;-18,12;0,01;64.599.576,00
SNSY6;13,33;;-0,74;-0,07;0,26;14,98;-9,89;-27,33;-2,03;-3,53;-2,26;;0,20;-0,75;-0,58;0,62;-10,13;-34,99;4,07;-3,45;4,45;1,28;4,14;;1.033,67;-178,74;-18,12;0,03;64.599.576,00
SOMA3;14,65;;-99,58;4,45;3,02;60,87;-6,82;-5,61;-81,90;-79,73;3,35;-0,18;5,58;6,82;-8,87;3,03;-4,47;-3,03;-10,25;0,68;0,32;0,54;;;18.952.453,16;3,27;-0,15;0,64;7.042.608.894,24
SOND3;241,80;0,35;28,17;8,49;6,06;27,94;28,87;32,81;32,00;12,99;-2,38;-0,63;9,24;14,65;-15,18;3,21;30,14;21,51;24,18;0,71;0,29;0,66;-10,40;;;28,48;8,58;0,07;285.313.710,00
SOND5;48,90;1,88;5,70;1,72;1,23;27,94;28,87;32,81;6,47;12,99;-2,38;-0,63;1,87;2,96;-3,07;3,21;30,14;21,51;24,18;0,71;0,29;0,66;-10,40;;28.564,00;28,48;8,58;0,01;285.313.710,00
SOND6;45,00;2,05;5,24;1,58;1,13;27,94;28,87;32,81;5,96;12,99;-2,38;-0,63;1,72;2,73;-2,83;3,21;30,14;21,51;24,18;0,71;0,29;0,66;-10,40;;13.500,00;28,48;8,58;0,01;285.313.710,00
SPRI3;21,72;;-3,32;2,45;2,36;;;;-3,00;-2,46;0,17;-0,14;;4,61;-4,93;66,47;-73,82;-71,18;-81,66;0,96;0,04;0,00;;;15.718,85;8,86;-6,54;-0,01;48.073.731,88
SPRI5;8,52;;-1,30;0,96;0,93;;;;-1,18;-2,46;0,17;-0,14;;1,81;-1,93;66,47;-73,82;-71,18;-81,66;0,96;0,04;0,00;;;3.405,00;8,86;-6,54;0,00;48.073.731,88
SPRI6;11,00;;-1,68;1,24;1,20;;;;-1,52;-2,46;0,17;-0,14;;2,34;-2,49;66,47;-73,82;-71,18;-81,66;0,96;0,04;0,00;;;13.263,91;8,86;-6,54;0,00;48.073.731,88
SPRT3B;76,40;;-2.717,50;-2.795,73;34.713,49;;;;-2.958,01;-2.958,01;0,00;;;-2.588,38;-34.899,85;0,00;-102,88;-1.277,40;94,51;-12,42;13,42;0,00;;;;-0,03;-0,03;63,96;370.531.748,80
SQIA3;22,35;;318,15;3,62;2,47;34,08;3,31;2,36;226,68;193,12;-34,88;-0,56;7,51;5,77;-5,37;4,85;1,14;0,78;0,99;0,68;0,32;0,33;22,77;-12,74;18.256.690,04;6,17;0,07;-1,53;1.585.937.293,76
STBP3;6,74;0,26;-421,81;2,77;1,37;23,77;6,40;-1,48;97,50;87,38;-10,70;-0,30;6,24;6,16;-1,94;4,18;-0,66;-0,33;2,20;0,50;0,50;0,22;-0,73;;39.334.848,96;2,43;-0,02;2,23;5.838.978.619,06
STKF3;0,00;;0,00;0,00;0,00;50,06;27,24;12,47;0,00;3,07;3,07;0,30;0,00;0,00;0,00;1,06;4,50;2,53;5,92;0,56;0,44;0,20;14,50;;;4,76;0,21;0,00;0,00
STTR3;0,00;;0,00;0,00;0,00;30,05;11,28;10,87;0,00;-0,70;-0,70;-0,16;0,00;0,00;0,00;3,16;21,76;11,95;14,72;0,55;0,45;1,10;22,02;;;2,13;0,46;0,00;0,00
SULA11;33,84;5,33;6,11;1,77;0,51;13,59;5,09;12,22;14,67;-0,81;-15,54;-1,88;0,75;1,36;-1,62;2,26;28,97;8,42;6,95;0,29;0,71;0,69;4,99;26,05;156.038.210,88;19,03;5,51;0,06;14.410.581.376,80
SULA3;12,86;4,62;7,05;2,04;0,59;13,59;5,09;12,22;16,91;-0,81;-15,54;-1,88;0,86;1,56;-1,86;2,26;28,97;8,42;6,95;0,29;0,71;0,69;4,99;26,05;395.044,60;6,34;1,84;0,07;14.410.581.376,80
SULA4;10,42;5,78;5,64;1,63;0,47;13,59;5,09;12,22;13,53;-0,81;-15,54;-1,88;0,69;1,25;-1,49;2,26;28,97;8,42;6,95;0,29;0,71;0,69;4,99;26,05;431.186,20;6,34;1,84;0,06;14.410.581.376,80
SUZB3;69,64;;-8,83;12,90;0,93;37,73;27,72;-35,21;11,21;18,77;7,56;8,70;3,11;9,68;-1,13;2,20;-146,17;-10,54;1,89;0,07;0,93;0,30;24,40;;634.684.160,96;5,39;-7,88;-0,03;94.621.431.723,84
TAEE11;38,60;8,30;5,89;2,21;0,95;70,57;89,71;63,54;4,17;5,85;1,68;0,89;3,74;8,78;-1,14;2,80;37,55;16,04;22,30;0,43;0,57;0,25;18,22;20,00;108.374.632,68;17,49;6,57;0,05;13.328.662.711,83
TAEE3;12,80;8,36;5,85;2,20;0,94;70,57;89,71;63,54;4,14;5,85;1,68;0,89;3,71;8,71;-1,13;2,80;37,55;16,04;22,30;0,43;0,57;0,25;18,22;20,00;1.108.318,52;5,83;2,19;0,05;13.328.662.711,83
TAEE4;12,95;8,27;5,91;2,22;0,95;70,57;89,71;63,54;4,19;5,85;1,68;0,89;3,76;8,81;-1,14;2,80;37,55;16,04;22,30;0,43;0,57;0,25;18,22;20,00;3.099.810,84;5,83;2,19;0,05;13.328.662.711,83
TASA3;23,62;;8,60;53,60;1,55;42,60;24,49;14,87;5,22;6,72;1,55;15,97;1,28;6,37;-4,28;1,62;623,63;18,05;45,22;0,03;0,97;1,21;16,57;;3.462.343,56;0,44;2,74;0,02;2.241.329.505,85
TASA4;22,98;;8,37;52,22;1,51;42,60;24,49;14,87;5,08;6,72;1,55;15,97;1,24;6,21;-4,17;1,62;623,63;18,05;45,22;0,03;0,97;1,21;16,57;;83.970.386,04;0,44;2,74;0,02;2.241.329.505,85
TCNO3;2,59;;34,68;312,10;0,07;;;;-20,66;-56,65;-39,55;597,55;;-0,18;-0,09;0,29;900,00;0,21;-2,52;0,00;1,00;0,00;;;223.321,68;0,01;0,08;-0,31;14.461.579,80
TCNO4;1,80;;23,78;213,98;0,05;;;;-14,16;-56,65;-39,55;597,55;;-0,12;-0,06;0,29;900,00;0,21;-2,52;0,00;1,00;0,00;;;324.341,36;0,01;0,08;-0,21;14.461.579,80
TCSA3;7,38;;-3,30;0,69;0,31;-8,95;-78,92;-91,26;-3,81;-5,74;-1,93;0,35;3,01;1,34;-0,52;2,35;-20,83;-9,45;-11,32;0,45;0,55;0,10;-32,32;;10.455.737,56;10,75;-2,24;0,09;542.573.725,10
TECN3;1,62;;-4,57;0,41;0,22;45,95;-3,93;-11,51;-13,39;-19,72;-6,41;0,19;0,53;0,46;-0,51;5,19;-8,90;-4,70;-3,38;0,53;0,47;0,41;-9,24;;2.341.010,84;4,03;-0,36;0,06;127.965.130,45
TEKA3;44,00;;-0,19;-0,01;0,02;17,33;-1,55;-87,65;-10,84;-257,68;-251,66;;0,17;-0,01;-0,02;0,03;-6,90;-11,55;0,62;-1,67;2,67;0,13;-1,38;;22.401,64;-3.335,26;-230,11;0,02;12.289.468,80
TEKA4;14,39;;-0,06;0,00;0,01;17,33;-1,55;-87,65;-3,55;-257,68;-251,66;;0,05;0,00;-0,01;0,03;-6,90;-11,55;0,62;-1,67;2,67;0,13;-1,38;;131.272,72;-3.335,26;-230,11;0,01;12.289.468,80
TELB3;72,80;;-46,51;3,18;1,16;-71,84;-26,88;-39,81;-68,87;-46,92;9,70;-0,45;18,52;4,86;-1,69;4,37;-6,84;-2,50;-3,93;0,37;0,63;0,06;42,70;;49.250,90;22,89;-1,57;0,84;4.061.596.978,35
TELB4;25,05;;-16,00;1,09;0,40;-71,84;-26,88;-39,81;-23,70;-46,92;9,70;-0,45;6,37;1,67;-0,58;4,37;-6,84;-2,50;-3,93;0,37;0,63;0,06;42,70;;201.670,80;22,89;-1,57;0,29;4.061.596.978,35
TEND3;26,38;1,88;13,70;1,81;0,65;31,12;11,60;8,78;10,37;9,86;-0,56;-0,10;1,20;1,78;-1,86;2,27;13,20;4,73;8,33;0,36;0,64;0,54;21,81;46,40;28.573.715,56;14,55;1,92;-0,57;2.756.774.979,32
TESA3;42,26;;-16,20;1,17;0,32;23,29;20,14;-4,61;3,71;7,84;4,09;1,29;0,75;-10,12;-0,49;0,92;-7,24;-1,95;12,82;0,27;0,73;0,42;7,32;;948.070,80;36,02;-2,61;0,28;932.707.591,83
TFCO4;11,69;;428,85;54,94;31,04;58,29;15,14;9,66;273,76;270,24;-0,94;-0,19;41,44;61,15;-146,26;2,81;12,81;7,24;12,25;0,57;0,43;0,75;;;2.300.742,28;0,21;0,03;42,10;10.973.263.402,84
TGMA3;20,61;1,64;18,57;2,18;1,33;19,78;10,49;7,28;12,87;12,55;-0,06;-0,01;1,35;4,38;-2,68;2,52;11,77;7,17;9,39;0,61;0,39;0,99;-2,05;49,24;13.332.942,76;9,48;1,12;-0,30;1.339.199.145,35
TIET11;12,54;8,56;5,90;2,72;0,50;94,37;86,92;42,17;2,86;4,71;1,85;1,75;2,49;-31,02;-0,66;0,94;46,03;8,45;19,40;0,18;0,82;0,20;-5,19;1,09;31.123.800,68;4,62;2,12;0,03;5.004.795.800,93
TIET3;3,49;6,15;8,21;3,78;0,69;94,37;86,92;42,17;3,98;4,71;1,85;1,75;3,46;-43,16;-0,92;0,94;46,03;8,45;19,40;0,18;0,82;0,20;-5,19;1,09;558.793,42;0,92;0,43;0,04;5.004.795.800,93
TIET4;3,51;6,11;8,26;3,80;0,70;94,37;86,92;42,17;4,01;4,71;1,85;1,75;3,48;-43,41;-0,92;0,94;46,03;8,45;19,40;0,18;0,82;0,20;-5,19;1,09;1.764.454,32;0,92;0,43;0,05;5.004.795.800,93
TIMS3;12,30;3,64;16,14;1,28;0,71;53,69;16,30;10,68;10,57;12,50;1,94;0,24;1,72;14,10;-0,95;1,25;7,95;4,43;7,97;0,56;0,44;0,41;0,15;-2,43;63.128.797,52;9,58;0,76;-0,33;29.727.478.007,44
TKNO3;0,00;;0,00;0,00;0,00;26,63;13,52;7,02;0,00;1,04;-1,61;-0,21;0,00;0,00;0,00;3,59;6,72;5,32;8,94;0,79;0,21;0,76;8,49;;;64,60;4,34;0,00;65.314.032,00
TKNO4;48,00;3,99;11,05;0,74;0,59;26,63;13,52;7,02;5,74;1,04;-1,61;-0,21;0,78;1,43;-1,36;3,59;6,72;5,32;8,94;0,79;0,21;0,76;8,49;;12.528,50;64,60;4,34;0,30;65.314.032,00
TOTS3;29,77;0,72;58,09;6,58;3,33;70,08;15,16;11,36;43,54;41,61;-2,24;-0,34;6,60;21,64;-7,40;1,39;11,33;5,73;10,50;0,51;0,49;0,50;6,34;8,63;155.677.093,08;4,51;0,51;1,43;17.256.487.584,66
TOYB3;2,29;;-43,94;-4,97;4,03;24,06;-10,70;-10,96;-45,00;-47,62;-0,63;;4,81;-5,93;-11,89;0,49;-11,31;-9,18;11,93;-0,81;1,81;0,84;-33,11;;;-0,46;-0,05;0,47;71.890.222,22
TOYB4;2,50;;-47,96;-5,43;4,40;24,06;-10,70;-10,96;-49,12;-47,62;-0,63;;5,26;-6,47;-12,98;0,49;-11,31;-9,18;11,93;-0,81;1,81;0,84;-33,11;;;-0,46;-0,05;0,52;71.890.222,22
TPIS3;2,28;;2,11;0,44;0,12;9,07;23,87;19,54;1,73;9,25;7,48;1,90;0,41;-0,59;-0,13;0,22;20,75;5,63;6,75;0,27;0,73;0,29;-16,95;6,45;4.160.777,44;5,19;1,08;-0,01;410.080.000,00
TRIS3;10,07;2,14;10,98;1,54;0,86;35,26;22,65;19,35;9,38;9,77;0,31;0,05;2,13;1,53;-3,77;3,68;14,02;7,81;10,33;0,56;0,44;0,40;18,29;49,27;15.582.025,76;6,50;0,91;0,51;1.882.970.958,42
TRPL3;29,70;11,25;5,82;1,39;0,80;69,27;119,77;90,94;4,42;4,48;0,46;0,14;5,29;4,73;-1,03;4,01;23,80;13,67;19,25;0,57;0,43;0,15;23,49;45,59;198.035,17;21,44;5,10;0,06;17.824.720.890,60
TRPL4;25,22;13,21;4,96;1,18;0,68;69,27;119,77;90,94;3,77;4,48;0,46;0,14;4,51;4,03;-0,87;4,01;23,80;13,67;19,25;0,57;0,43;0,15;23,49;45,59;47.904.507,72;21,44;5,10;0,05;17.824.720.890,60
TUPY3;21,36;;-40,24;1,20;0,50;16,09;5,09;-1,79;14,14;17,58;3,69;0,31;0,72;1,69;-1,10;2,20;-2,98;-1,25;3,53;0,42;0,58;0,70;4,44;;26.395.406,52;17,71;-0,53;0,32;3.010.426.200,00
TXRX3;41,59;;-9,89;-0,57;0,92;27,54;4,51;-21,43;47,04;84,98;61,81;;2,12;-0,65;-1,47;0,21;-5,78;-9,35;-4,84;-1,62;2,62;0,44;1,83;;33.128,93;-72,72;-4,20;0,05;87.233.586,55
TXRX4;9,60;;-2,26;-0,13;0,21;27,54;4,51;-21,43;10,76;84,98;61,81;;0,48;-0,15;-0,34;0,21;-5,78;-9,35;-4,84;-1,62;2,62;0,44;1,83;;57.600,08;-72,72;-4,20;0,01;87.233.586,55
UCAS3;4,40;6,60;19,60;1,86;1,42;39,01;11,68;9,86;16,55;13,65;-2,71;-0,31;1,93;4,34;-2,97;2,67;9,51;7,23;7,71;0,76;0,24;0,73;-7,54;2,51;335.368,92;2,36;0,22;-1,12;287.475.683,40
UGPA3;20,96;2,10;26,19;2,36;0,65;6,91;2,18;1,10;13,23;19,76;6,51;1,16;0,29;2,84;-1,25;1,89;9,01;2,46;4,11;0,27;0,73;2,24;1,43;-9,32;128.720.094,00;8,89;0,80;0,19;23.427.760.437,51
UNIP3;64,47;1,71;16,67;3,52;1,36;34,50;19,35;9,50;8,19;7,83;-0,53;-0,23;1,58;9,28;-2,33;1,54;21,14;8,16;21,10;0,39;0,61;0,86;35,12;33,34;1.107.137,20;18,42;3,89;0,15;6.260.068.276,40
UNIP5;68,00;2,21;17,47;3,69;1,42;34,50;19,35;9,50;8,58;7,83;-0,53;-0,23;1,66;9,72;-2,44;1,54;21,14;8,16;21,10;0,39;0,61;0,86;35,12;33,34;133.764,75;18,42;3,89;0,16;6.260.068.276,40
UNIP6;68,07;1,79;17,48;3,70;1,43;34,50;19,35;9,50;8,59;7,83;-0,53;-0,23;1,66;9,73;-2,45;1,54;21,14;8,16;21,10;0,39;0,61;0,86;35,12;33,34;22.637.745,56;18,42;3,89;0,16;6.260.068.276,40
USIM3;18,17;0,21;34,38;1,37;0,77;20,24;18,20;4,18;7,90;8,05;0,38;0,07;1,44;3,15;-1,28;2,64;4,00;2,25;10,41;0,56;0,44;0,54;9,57;;16.865.369,20;13,44;0,54;0,16;22.488.369.669,40
USIM5;17,44;0,25;32,99;1,32;0,74;20,24;18,20;4,18;7,58;8,05;0,38;0,07;1,38;3,02;-1,22;2,64;4,00;2,25;10,41;0,56;0,44;0,54;9,57;;351.777.489,56;13,44;0,54;0,15;22.488.369.669,40
USIM6;18,70;0,23;34,83;1,39;0,78;20,24;18,20;4,18;8,00;8,05;0,38;0,07;1,46;3,19;-1,29;2,64;4,00;2,25;10,41;0,56;0,44;0,54;9,57;;20.386,55;13,44;0,54;0,16;22.488.369.669,40
VALE3;103,34;6,41;20,59;3,04;1,15;52,73;24,97;12,81;10,56;10,64;0,15;0,04;2,64;10,79;-1,57;1,67;14,76;5,59;18,93;0,38;0,62;0,44;21,72;;2.728.206.411,44;34,25;5,05;-0,04;546.097.623.971,88
VAMO3;34,93;;44,56;15,77;1,89;34,21;24,42;11,84;21,60;27,31;5,64;4,12;5,28;27,36;-2,72;1,29;35,40;4,24;8,64;0,12;0,88;0,36;;;18.595.091,24;2,22;0,79;1,69;8.006.683.788,60
VIVA3;25,06;0,42;40,11;5,02;2,75;68,49;19,58;14,00;28,69;28,11;-0,72;-0,13;5,62;7,06;-8,19;2,41;12,52;6,85;12,05;0,55;0,45;0,49;;;33.469.132,92;4,96;0,62;-0,61;5.912.030.158,07
VIVR3;1,18;;-0,63;-0,50;0,35;-31,88;-332,19;-410,76;-0,78;-2,02;-1,24;;2,58;-0,47;-0,55;0,32;-79,54;-55,89;867,79;-0,70;1,70;0,14;-17,04;;650.100,40;-2,34;-1,86;0,03;114.493.941,52
VIVT3;44,03;7,75;15,69;1,08;0,69;47,38;15,26;11,06;11,37;12,59;1,14;0,11;1,74;63,10;-0,83;1,07;6,86;4,39;6,45;0,64;0,36;0,40;1,37;6,88;130.829.898,56;41,13;2,82;-3,40;75.417.927.565,80
VIVT4;45,34;5,05;16,07;1,10;0,71;47,38;15,26;11,06;11,65;12,59;1,14;0,11;1,78;64,66;-0,85;1,07;6,86;4,39;6,45;0,64;0,36;0,40;1,37;6,88;111.231.163,93;41,13;2,82;-3,49;75.417.927.565,80
VLID3;9,86;;-3,99;0,73;0,28;17,68;-5,64;-10,44;-7,38;-14,40;-6,99;0,69;0,42;3,77;-0,52;1,20;-18,20;-7,06;-4,81;0,39;0,61;0,68;3,44;;6.986.575,80;13,56;-2,47;0,01;810.855.423,56
VSPT3;0,00;;0,00;0,00;0,00;11,19;2,86;-4,23;0,00;-4,70;-4,70;-0,07;0,00;0,00;0,00;0,69;-2,21;-1,28;0,59;0,58;0,42;0,30;10,22;;;37,72;-0,83;0,00;0,00
VSPT4;0,00;;0,00;0,00;0,00;11,19;2,86;-4,23;0,00;-4,70;-4,70;-0,07;0,00;0,00;0,00;0,69;-2,21;-1,28;0,59;0,58;0,42;0,30;10,22;;;37,72;-0,83;0,00;0,00
VULC3;7,39;;57,72;1,62;1,09;29,53;3,08;2,68;50,24;52,16;1,99;0,06;1,55;2,26;-3,21;3,64;2,81;1,88;2,20;0,67;0,33;0,70;4,07;;4.487.879,76;4,58;0,13;-0,74;1.821.054.523,86
VVAR3;12,37;;19,76;3,32;0,60;32,75;5,60;3,47;12,25;16,24;3,78;1,02;0,69;26,42;-1,44;1,04;16,79;3,04;10,20;0,18;0,82;0,87;8,45;135,03;595.955.004,96;3,74;0,63;-0,12;20.174.582.295,63
WEGE3;76,53;0,81;68,97;13,53;8,10;31,13;16,12;13,40;57,33;55,88;-0,99;-0,23;9,24;24,19;-21,90;2,13;19,62;11,75;18,11;0,60;0,40;0,88;12,35;15,50;463.400.127,20;5,68;1,12;1,53;160.169.654.803,68
WEST3;8,83;;83,18;223,84;9,94;45,12;0,03;4,77;15.697,56;15.390,46;-307,10;-4,38;3,97;-51,12;-27,76;0,77;269,11;11,95;-101,70;0,04;0,96;2,51;;;11.326.623,92;0,04;0,11;0,00;973.248.760,89
WHRL3;7,01;17,33;14,77;5,45;1,48;20,20;10,57;7,69;10,75;9,53;-1,65;-0,83;1,14;14,31;-6,26;1,16;36,94;10,03;31,87;0,27;0,73;1,30;-0,28;19,66;67.227,68;1,28;0,47;-0,25;10.932.761.397,82
WHRL4;7,77;17,17;16,39;6,05;1,64;20,20;10,57;7,69;11,93;9,53;-1,65;-0,83;1,26;15,88;-6,95;1,16;36,94;10,03;31,87;0,27;0,73;1,30;-0,28;19,66;177.110,12;1,28;0,47;-0,27;10.932.761.397,82
WIZS3;7,79;;6,43;4,21;1,31;76,38;40,46;24,25;3,85;3,00;-0,79;-0,86;1,56;-26,65;-2,08;0,88;65,42;20,34;72,59;0,31;0,69;0,84;17,16;14,87;17.807.887,48;1,86;1,22;-0,72;1.232.885.144,22
WLMM3;19,34;2,04;12,95;1,52;1,24;15,57;7,83;5,49;9,08;9,69;-1,65;-0,28;0,71;3,74;-2,16;4,44;11,77;9,55;11,61;0,81;0,19;1,74;14,81;69,04;7.173,08;12,69;1,49;1,40;880.072.684,80
WLMM4;28,20;1,54;18,88;2,22;1,80;15,57;7,83;5,49;13,24;9,69;-1,65;-0,28;1,04;5,45;-3,15;4,44;11,77;9,55;11,61;0,81;0,19;1,74;14,81;69,04;34.254,69;12,69;1,49;2,04;880.072.684,80
WSON33;45,73;6,37;29,68;1,49;0,62;51,66;21,81;6,19;8,42;13,68;5,28;0,93;1,84;11,65;-0,75;1,45;5,02;2,08;5,43;0,41;0,59;0,34;1,54;1,60;2.419.377,24;31,10;1,56;-10,20;3.328.329.208,00
YDUQ3;28,56;1,77;90,73;2,78;0,96;54,72;9,25;2,55;25,00;33,80;9,04;1,01;2,31;6,17;-1,36;2,12;3,06;1,06;3,27;0,35;0,65;0,42;5,62;-25,93;89.133.672,28;10,37;0,32;-1,07;8.824.486.696,05
