TICKER;PRECO;DY;P/VP;LIQUIDEZ MEDIA DIARIA;PERCENTUAL EM CAIXA;CAGR DIVIDENDOS 3 ANOS; CAGR VALOR CORA 3 ANOS;PATRIMONIO;N COTISTAS;GESTAO
NEWL11;93,55;11,10;0,80;307.671,15;4,77;;;236.517.865,90;1.855,00;Ativa;
ROOF11;0,00;0,00;;;27,23;;;75.694.412,29;33,00;Ativa;
SDIL11;84,61;8,83;0,84;1.298.213,60;0,39;-0,62;-3,85;643.428.354,87;50.332,00;Ativa;
VSHO11;82,89;4,98;0,82;61.323,30;2,38;;;212.490.694,80;1.963,00;Ativa;
BBPO11;89,29;13,72;0,93;2.299.292,05;4,80;-0,40;-13,51;1.526.344.263,71;65.170,00;Passiva;
EDFO11B;219,97;7,59;1,04;33.931,50;1,29;-7,83;-6,60;50.101.171,40;573,00;Passiva;
STRX11;8,52;4.925,72;0,05;;0,65;;;296.115.988,08;53,00;Passiva;
CXTL11;373,13;4,39;0,59;8.651,35;0,64;14,63;-10,07;34.049.481,78;704,00;Passiva;
BMII11;0,00;0,00;;;0,29;;;68.758.527,26;12,00;Ativa;
THRA11;138,50;34,75;14,52;53.642,50;140,47;90,73;8,98;14.050.683,35;2.084,00;Passiva;
XBXO11;0,00;0,00;;;4,93;;;294.701.259,40;1,00;Ativa;
XTED11;6,55;0,00;0,48;6.245,25;0,89;;-28,21;26.189.496,52;4.754,00;Ativa;
IFIE11;74,11;6,07;0,90;24.260,25;1,88;;;73.982.011,03;5.807,00;Passiva;
TRNT11;117,02;4,31;0,57;11.252,89;0,41;-15,40;-12,72;814.574.293,68;826,00;Passiva;
OUJP11;88,24;10,70;0,85;676.515,95;15,64;-3,60;-4,04;335.731.048,67;20.818,00;Ativa;
RECX11;90,00;5,94;1,02;12.593,74;6,04;;;17.476.772,13;432,00;Ativa;
BTAL11;92,55;4,87;0,90;962.824,40;16,60;;;612.337.743,99;12.186,00;Ativa;
RNGO11;56,60;8,29;0,56;146.133,85;1,80;-7,37;-11,73;271.301.134,06;15.821,00;Passiva;
LVBI11;97,51;6,78;0,85;2.096.506,75;7,91;;;1.350.783.017,73;38.255,00;Ativa;
TCPF11;1,26;1.242,06;0,01;;6,55;;;32.416.853,73;52,00;Ativa;
BICR11;98,35;4,13;0,99;705,94;20,88;;;49.651.973,04;574,00;Ativa;
ATSA11;98,97;0,00;1,00;1.556,87;1,06;;-0,33;172.593.204,98;255,00;Passiva;
LOFT11B;29,90;1,97;0,35;2.138,00;25,67;;;167.387.880,46;1,00;Ativa;
CPTS11;98,04;12,36;1,04;8.473.423,35;6,28;10,55;-1,59;2.427.021.347,40;120.287,00;Ativa;
RBCB11;19,00;0,00;;;;-15,04;-55,86;0,00;462,00;Ativa;
RBHY11;100,00;9,65;1,00;75.049,95;21,69;;;157.390.052,11;1.586,00;Ativa;
QAGR11;50,33;10,31;0,84;679.070,55;0,63;;;301.127.070,71;18.827,00;Ativa;
RBED11;127,40;9,70;0,85;173.620,65;4,44;-3,18;-5,92;303.735.320,76;12.016,00;Ativa;
RBLG11;97,00;5,03;0,90;5.314,67;2,72;;;69.312.980,95;95,00;Ativa;
AFCR11;104,43;12,67;1,02;397.984,35;18,05;;;154.887.871,20;2.935,00;Ativa;
SPAF11;0,00;0,00;;;5,02;;;11.328.431,99;1,00;Ativa;
RBVA11;99,24;11,13;0,88;1.145.922,25;0,24;1,11;-3,19;1.313.544.384,58;42.452,00;Ativa;
TORM13;666,41;13,70;0,35;666,00;71,27;;;68.738.427,34;275,00;Ativa;
NSLU11;218,81;10,14;1,02;210.959,65;1,96;4,14;-2,35;244.412.520,11;7.603,00;Passiva;
SPTW11;39,55;38,48;0,76;295.825,25;5,37;27,63;-18,74;93.337.126,32;19.983,00;Passiva;
BPML11;83,30;2,79;0,63;9.201,75;4,67;;;570.969.878,72;1.358,00;Passiva;
RBRY11;101,50;9,31;0,98;705.152,55;13,05;;;351.571.448,21;11.156,00;Ativa;
ALMI11;1.035,00;0,00;0,50;57.320,80;1,85;;-7,08;228.908.585,35;3.297,00;Passiva;
SPVJ11;0,00;0,00;;;8,84;;;593.591.883,14;27,00;Ativa;
TGAR11;119,91;11,80;0,93;3.506.855,05;20,39;10,63;-0,45;1.461.093.085,94;78.835,00;Ativa;
VSLH11;10,19;10,96;1,03;1.754.527,90;2,17;;;262.404.474,04;29.639,00;Ativa;
AQLL11;385,03;0,00;0,44;641,83;0,00;;;86.010.244,39;37,00;Ativa;
WTSP11B;50,00;4,90;0,63;1.080,00;1,84;-21,24;;79.016.416,25;200,00;Ativa;
VISC11;99,25;5,64;0,83;2.026.424,00;4,73;-10,23;-1,07;1.702.561.351,78;199.198,00;Ativa;
KNRE11;2,11;3,31;1,08;19.487,95;3,22;;-37,99;36.300.652,94;6.433,00;Ativa;
WPLZ11;66,00;0,76;0,64;17.563,40;1,23;11,04;-1,71;105.760.047,46;1.906,00;Passiva;
RBHG11;82,31;10,48;0,85;235.993,40;3,38;;;166.451.796,29;5.566,00;Ativa;
JSRE11;71,53;8,93;0,63;2.869.082,70;0,63;-3,45;-10,21;2.354.399.450,99;49.492,00;Ativa;
CBOP11;61,70;10,19;0,66;34.201,80;3,88;2,21;-4,99;131.913.758,56;3.828,00;Passiva;
PRSV11;131,50;0,00;0,55;5.029,29;6,93;28,92;-25,66;46.794.672,13;1.177,00;Passiva;
HPDP11;83,99;4,02;0,88;3.215,31;1,55;;;279.226.397,16;373,00;Passiva;
FMOF11;67,50;1,96;0,51;328,23;1,16;20,42;-7,75;66.988.515,33;346,00;Passiva;
MMPD11;0,00;0,00;;;51,91;;;51.874.905,30;48,00;Ativa;
SADI11;83,45;4,25;0,83;265.166,25;1,03;;;319.655.353,93;2.816,00;Ativa;
FATN11;101,23;7,68;1,01;37.681,70;9,75;;;81.235.705,53;340,00;Ativa;
MGIM11;0,00;0,00;;;14,16;;;35.080.870,60;43,00;Ativa;
TOUR11;65,00;206,27;0,09;165.000,35;8,84;;;100.828.208,28;514,00;Ativa;
HGRU11;112,00;7,68;0,95;4.091.154,55;1,10;1,35;3,30;2.163.602.469,79;145.639,00;Ativa;
KNIP11;100,73;13,87;1,02;8.708.456,10;8,48;18,95;-2,41;5.811.561.092,29;59.138,00;Ativa;
SFRO11;0,00;0,00;;;23,40;;;12.599.364,53;14,00;Passiva;
BMLC11;92,98;7,48;0,87;9.983,70;2,83;16,70;10,08;106.591.626,64;1.538,00;Ativa;
BLCA11;0,00;0,00;;;100,22;;;159.761.471,97;77,00;Ativa;
GTWR11;76,20;10,62;0,76;946.768,75;0,41;;;1.210.745.245,53;26.927,00;Ativa;
KINP11;13,95;7,31;1,78;5.655,26;10,59;;;56.060.784,99;512,00;Ativa;
VIDS11;0,00;0,00;;;1,19;;;49.286.244,22;516,00;Ativa;
MCHY11;120,00;2,18;1,20;362.638,27;1,50;;;354.104.192,56;5,00;--;
PQDP11;2.001,00;5,46;0,55;105.890,85;0,92;-13,95;-12,43;865.741.812,20;4.082,00;Passiva;
JPPA11;94,68;11,77;0,91;148.430,10;5,82;;;62.639.960,29;687,00;Ativa;
SJAU11;119,80;0,00;1,20;599,00;0,38;;;791.446.660,35;122,00;Passiva;
RCFF11;94,06;5,43;0,99;120,50;12,21;;;30.827.762,42;80,00;Ativa;
MINT11;91,98;0,00;0,77;18.448,71;19,59;;;62.566.906,35;64,00;Ativa;
GALG11;100,15;9,11;0,97;3.074.339,80;0,03;;;580.866.732,27;5.428,00;Ativa;
FINF11;0,00;0,00;;;0,25;;;91.882.134,04;4,00;Ativa;
FLCR11;101,99;8,19;1,01;241.942,70;13,33;;;50.371.156,87;380,00;Ativa;
HGIC11;106,99;5,40;1,02;56.407,61;0,05;;;24.446.514,95;216,00;Ativa;
BLMO11;26.004,50;0,00;1,00;147.358,67;6,45;;;98.403.990,71;91,00;Ativa;
LPLP11;0,00;0,00;;;0,80;;;54.968.018,04;2,00;Ativa;
VGHF11;9,78;9,20;1,04;1.282.027,85;1,21;;;155.268.515,70;18.337,00;Ativa;
DOMC11;439,00;0,00;3,96;;0,04;;-8,60;270.930.739,68;1.143,00;Ativa;
NAVT11;73,89;4,53;0,81;266.196,35;3,02;;;96.590.206,86;1.950,00;Ativa;
FLMA11;135,00;4,28;0,87;87.416,35;3,39;-12,46;3,99;214.871.186,14;21.132,00;Ativa;
IBFF11;62,92;8,57;0,82;124.968,65;7,38;;;51.124.674,16;5.186,00;Ativa;
HSRE11;97,50;5,32;1,00;6.163.273,38;1,97;;;828.392.155,08;47,00;Ativa;
ALZR11;109,78;6,21;1,01;919.796,05;16,73;-1,37;6,40;642.993.788,51;96.277,00;Ativa;
BREV11;95,00;6,14;0,90;18.571,55;1,05;;;101.686.256,15;83,00;Ativa;
ZIFI11;1.199,98;0,00;1,09;85.999,08;1,47;;;22.908.321,71;14,00;Ativa;
RBRF11;73,25;10,59;0,85;2.369.337,15;3,61;-3,94;-9,23;1.178.000.223,42;77.406,00;Ativa;
MOFF11;0,00;0,00;;;1,85;;;153.171.562,70;3,00;Ativa;
SBCL11;0,00;0,00;;;135,26;;;33.243.135,47;2,00;Ativa;
DAMT11B;1,42;0,00;1,60;508,13;0,03;;;106.298.503,77;51,00;Passiva;
BTSG11;0,00;0,00;;;0,19;;;75.516.222,78;53,00;Ativa;
QAMI11;93,25;7,25;1,01;24.424,16;2,00;;;74.062.458,69;650,00;Ativa;
MGLG11;83,37;2,68;0,85;57.963,42;4,31;;;112.790.091,71;1.096,00;Ativa;
URPR11;115,05;20,80;1,21;4.476.638,85;61,23;;;158.328.629,75;23.092,00;Ativa;
CXCO11;89,00;5,16;0,89;258.410,35;0,99;;;393.906.664,39;12.833,00;Ativa;
SEQR11;80,05;6,79;0,77;150.476,85;3,29;;;168.059.853,13;1.643,00;Ativa;
PRTS11;117,70;0,00;1.681,43;;26,15;;;3.733.429,97;11,00;Ativa;
NVHO11;12,25;8,46;0,99;2.478,00;1,07;11,19;-27,74;514.160.788,39;2.534,00;Ativa;
QIRI11;99,17;7,36;1,11;945,67;2,53;;;13.449.397,72;162,00;Passiva;
HGCR11;104,30;9,05;1,02;2.014.337,35;1,37;1,08;-2,13;1.271.227.911,85;60.119,00;Ativa;
PLCR11;88,16;11,42;0,94;499.019,95;12,95;;;196.925.565,21;8.877,00;Ativa;
CNES11;36,40;4,44;0,42;8.915,55;5,78;-5,48;-20,64;257.225.669,98;2.351,00;Passiva;
FVPQ11;112,95;4,26;0,58;89.638,65;3,90;-13,62;-23,27;549.310.303,01;4.782,00;Passiva;
CPFF11;75,50;12,20;0,96;926.833,50;8,02;;;427.648.614,88;13.184,00;Ativa;
RRCI11;79,96;9,67;0,82;98.088,15;1,41;;;46.947.341,58;2.075,00;Ativa;
VTPL11;0,00;0,00;;;0,20;;;113.776.203,43;54,00;Passiva;
VVPR11;93,05;8,69;0,90;61.241,65;1,31;;;238.144.920,30;1.442,00;Ativa;
MAXR11;86,01;9,24;0,73;91.555,95;1,13;-9,25;-5,23;132.488.311,69;3.701,00;Passiva;
LKDV11;0,00;0,00;;;17,59;;;43.450.037,47;57,00;Ativa;
MORE11;79,83;10,51;0,86;942.098,90;3,55;;;216.136.581,71;10.505,00;Ativa;
SHDP11B;0,00;0,00;;;1,05;-13,71;;2.152.426.974,87;3,00;Passiva;
SHOP11;100,00;0,00;1,75;;1,26;;;84.421.175,73;12,00;Ativa;
HSML11;76,80;6,56;0,81;1.868.896,85;1,78;;;1.500.798.823,72;119.262,00;Ativa;
VIFI11;74,60;9,88;0,81;272.923,05;3,11;;;258.089.529,92;5.732,00;Ativa;
FPNG11;0,00;0,00;;;1,18;-10,68;;165.313.134,42;50,00;Ativa;
VOTS11;80,79;7,30;0,82;2.453,00;1,58;4,96;-3,89;81.570.943,51;304,00;Ativa;
PNPR11;0,00;0,00;;;8,99;;;56.779.709,32;13,00;Ativa;
LASC11;95,27;5,99;0,93;60.969,00;0,66;;;258.697.121,39;155,00;Ativa;
KNHY11;103,00;14,00;1,05;2.655.666,50;16,27;21,85;-0,80;1.399.134.770,47;9.227,00;Ativa;
HCHG11;93,98;3,09;0,99;20.177,00;3,42;;;114.331.186,97;279,00;Ativa;
XPCI11;95,49;11,13;1,00;2.369.541,15;9,05;;;628.083.893,83;46.584,00;Ativa;
HUSC11;117,91;7,63;0,90;3.715,80;0,99;;;103.632.412,85;736,00;Passiva;
AIEC11;73,53;10,34;0,73;728.306,70;5,13;;;485.070.676,94;4.060,00;Ativa;
HLOG11;101,99;7,53;0,89;51.380,00;1,23;;;485.212.436,42;3.921,00;Ativa;
RMAI11;34,72;1,50;0,31;13.425,21;0,04;;;270.930.739,68;1.143,00;Ativa;
PATC11;62,90;5,85;0,74;204.576,00;1,28;;;297.461.072,36;11.926,00;Ativa;
EQIN11;91,50;11,78;0,97;446.515,90;4,95;-35,93;;135.793.280,13;7.149,00;Ativa;
MGHT11;91,00;8,10;0,93;9.454,85;10,49;;;129.005.818,48;570,00;Ativa;
BCIA11;80,75;9,56;0,77;514.052,90;1,04;-7,64;-8,38;388.188.731,09;14.708,00;Ativa;
HSAF11;89,75;12,17;0,94;489.825,30;2,36;;;168.879.974,73;4.591,00;Ativa;
TRXB11;120,30;7,92;1,17;3.617.541,53;3,40;;;256.312.938,34;150,00;Passiva;
BLCP11;82,75;9,06;0,81;98.287,95;3,02;;;196.695.447,70;214,00;Ativa;
TSER11;101,99;4,93;1,05;1.908.267,33;2,44;;;117.322.508,82;17,00;Ativa;
OURE11;88,05;10,85;0,91;142.845,95;10,81;9,34;-0,72;83.308.960,59;4.266,00;Ativa;
SHPH11;820,00;4,01;0,99;75.960,00;0,72;-7,58;-5,12;502.782.579,31;3.044,00;Passiva;
CRFF11;69,44;8,09;0,79;33.880,70;0,64;;;60.371.437,22;1.845,00;Ativa;
EGYR11;3,90;0,00;0,31;20.081,28;0,02;;;93.189.653,95;26,00;Passiva;
VTVI11;0,00;0,00;;;11,47;;;67.787.942,93;1,00;Ativa;
GESE11B;1.520,00;8,44;0,92;;1,30;;;86.138.674,67;55,00;Passiva;
HREC11;96,92;10,73;1,03;12.260,79;0,96;;;268.722.307,16;334,00;Ativa;
VXXV11;845,00;0,00;1,52;17.763.283,75;7,45;;;28.901.721,91;6,00;Ativa;
CFHI11;0,00;0,00;;;58,06;;;80.568.851,34;53,00;Ativa;
DVFF11;93,49;1,50;1,01;76.272,10;3,87;;;101.498.148,44;344,00;Ativa;
BCRI11;107,36;13,22;1,01;1.119.712,90;12,41;10,49;-0,20;662.178.769,04;44.939,00;Ativa;
GSFI11;4,16;0,00;0,31;42.643,30;20,68;;;907.019.849,19;5.812,00;Ativa;
VILG11;99,75;7,06;0,88;3.267.959,80;5,26;;;1.708.615.548,48;142.898,00;Ativa;
SNCI11;100,08;0,78;0,99;824.461,75;0,94;;;97.184.512,91;81,00;Ativa;
RELG11;79,86;9,51;0,83;170.418,00;0,13;;;127.907.984,74;4.058,00;Ativa;
IFID11;82,96;7,69;0,93;51.614,20;0,62;;;66.519.681,46;2.204,00;Passiva;
PATB11;0,00;0,00;;;3,56;;;558.296.280,06;59,00;Ativa;
HGLG11;164,79;8,57;1,11;5.451.434,75;14,05;15,97;7,55;3.151.358.842,72;297.812,00;Ativa;
CXCE11B;49,52;20,77;0,61;162.109,15;5,90;3,14;-16,68;139.210.378,11;3.848,00;Passiva;
VSEC11;65,32;11,46;0,66;6.703,21;34,40;;;6.231.598,79;72,00;Ativa;
OULG11;56,60;11,12;0,61;130.646,25;2,12;;;230.513.211,34;6.930,00;Ativa;
MATV11;109,98;0,00;1,12;85.739,00;25,97;;;34.016.049,91;150,00;Ativa;
GCRI11;98,72;9,13;0,97;369.326,85;6,41;;;101.291.535,86;1.007,00;Ativa;
SFND11;83,07;6,63;4,64;;13,33;114,52;;17.573.170,51;54,00;Passiva;
VTXI11;0,00;0,00;;;21,04;;;3.333.042,99;2,00;Ativa;
FEXC11;86,84;9,92;0,93;931.276,70;11,65;-0,58;-8,21;570.507.578,19;16.978,00;Ativa;
MTOF11;0,00;0,00;;;1,36;;;164.748.043,09;3,00;Ativa;
RBRP11;71,60;7,67;0,84;1.473.378,10;2,05;2,45;-7,34;1.039.528.286,23;91.240,00;Ativa;
BBRC11;98,94;10,95;0,87;141.442,30;4,50;-0,97;-11,53;180.306.764,82;8.724,00;Passiva;
RBRD11;48,58;1,73;0,67;100.997,80;3,54;-22,69;-16,66;133.408.409,27;11.356,00;Passiva;
HABT11;114,70;16,61;1,18;3.985.778,90;7,44;;;525.875.060,10;38.608,00;Ativa;
XPIN11;87,50;8,59;0,79;754.889,75;7,88;-3,93;-8,44;732.471.149,48;51.940,00;Ativa;
CYCR11;0,00;0,00;;;5,74;;;50.807.846,95;16,00;Ativa;
BRHT11B;86,80;0,00;1,06;;1,63;;;151.087.144,52;11,00;--;
PRZS11;0,00;0,00;;;0,04;;;55.885.666,80;20,00;Ativa;
VRTA11;106,85;11,00;1,09;1.612.083,60;5,75;1,19;-1,61;979.552.050,24;92.315,00;Ativa;
IBCR11;98,60;4,16;1,01;100.599,47;5,93;;;78.635.584,10;366,00;Ativa;
XPSF11;78,40;11,42;0,88;850.419,10;0,31;;;387.643.343,82;20.063,00;Ativa;
TFOF11;138,00;0,00;1,14;;13,36;29,98;4,77;103.080.374,68;3.278,00;Ativa;
BCFF11;69,44;8,87;0,87;2.916.108,90;7,29;-1,88;-5,63;2.017.441.964,56;287.707,00;Ativa;
OUFF11;67,00;11,61;0,83;194.912,50;1,88;;;147.265.031,78;8.837,00;Ativa;
VPSI11;0,00;0,00;;;0,65;-9,87;;148.006.486,50;56,00;Passiva;
VTRT11;0,00;0,00;;;20,14;;;1.030.654.046,20;499,00;Ativa;
IRDM11;109,18;13,43;1,13;7.304.817,45;3,99;13,84;4,74;2.715.119.232,83;193.835,00;Ativa;
KFOF11;80,37;8,57;0,84;452.623,55;1,78;3,75;;432.068.398,88;7.633,00;Ativa;
HBCR11;110,00;8,14;1,20;296.458,20;7,70;;;25.188.504,70;13,00;Ativa;
VGIP11;99,27;13,38;1,04;2.007.592,00;4,09;;;701.479.370,60;42.280,00;Ativa;
RNDP11;640,00;7,53;0,84;701.482,84;9,86;-7,14;-12,37;82.031.902,99;855,00;Ativa;
HTMX11;97,75;0,00;0,75;173.721,45;0,94;8,60;-9,30;163.647.743,98;24.158,00;Ativa;
KISU11;7,56;8,90;0,82;1.393.911,50;9,21;;;408.492.308,57;42.775,00;Ativa;
RECT11;68,76;10,84;0,74;1.031.435,85;8,14;;;759.125.513,02;80.239,00;Ativa;
DRIT11B;95,50;3,82;0,73;1.353,06;0,75;-18,29;-8,23;60.758.655,61;337,00;Ativa;
BNFS11;122,45;10,53;1,18;42.177,85;4,85;7,76;-0,95;72.884.567,41;3.423,00;Ativa;
EVBI11;97,00;5,94;0,96;495.706,12;2,86;;;109.927.362,45;143,00;Ativa;
HGFF11;72,59;9,23;0,81;411.565,60;5,21;;;257.593.227,47;9.297,00;Ativa;
RBFF11;55,79;10,41;0,82;416.855,50;0,97;3,70;;253.561.884,77;22.417,00;Ativa;
JTPR11;2.517,00;0,00;22,25;;18,53;;;24.281.346,17;9,00;Ativa;
TELD11;0,00;0,00;;;102,94;;;9.891.868,85;2,00;Ativa;
NPAR11;15,02;281,01;0,83;13.898,15;10,87;;-50,09;2.163.877,46;548,00;Ativa;
MFAI11;71,29;15,14;0,85;44.346,75;0,33;;;25.345.706,75;3.814,00;Ativa;
MVFI11;0,00;0,00;;;0,10;;;136.950.418,64;1,00;Ativa;
RZTR11;95,54;10,13;0,97;3.668.314,15;16,61;;;1.087.621.455,10;35.787,00;Ativa;
HCTR11;124,47;19,11;1,05;9.377.583,30;11,27;;;2.342.624.065,31;135.172,00;Ativa;
HGRE11;127,19;7,18;0,75;1.683.836,20;0,54;0,93;-1,78;1.997.004.653,53;113.042,00;Ativa;
MALL11;91,06;7,11;0,87;1.119.985,25;3,86;-3,59;-3,07;791.574.764,07;88.716,00;Ativa;
PQAG11;64,80;6,70;1,14;9.868,89;2,48;;;795.654.025,77;435,00;Ativa;
XPLG11;96,00;7,55;0,88;4.241.838,15;6,01;-1,92;0,14;2.969.283.438,86;274.076,00;Ativa;
JBFO11;88,83;2,85;0,99;77.500,00;0,23;;;114.690.247,01;359,00;Ativa;
CJCT11;68,00;0,00;1,01;80.400,50;0,43;;13,92;181.831.004,55;1.480,00;Passiva;
HBRH11;86,35;9,06;0,79;585.344,50;2,55;;;245.406.657,81;1.582,00;Ativa;
MXRF11;9,99;9,11;1,00;5.275.959,95;10,92;1,90;0,44;2.259.193.467,62;456.085,00;Ativa;
CXRI11;70,78;10,17;0,79;25.793,80;0,81;-9,95;-58,37;140.507.437,21;2.951,00;Ativa;
HAAA11;92,97;6,87;0,97;13.148,71;0,41;;;329.467.244,04;130,00;Ativa;
TCIN11;110,99;0,00;0,78;108,00;1,44;;;117.537.164,83;125,00;Ativa;
CEOC11;59,00;9,09;0,68;39.542,15;2,11;-6,92;-9,08;156.599.916,44;6.314,00;Passiva;
FCFL11;101,50;7,49;1,00;213.556,50;0,45;2,21;0,67;352.488.694,23;4.403,00;Passiva;
VLJS11;1.141,14;4,80;1,49;;3,20;;;45.025.251,31;12,00;Passiva;
JFLL11;72,88;7,74;0,75;103.132,15;1,95;;;145.160.606,78;1.822,00;Ativa;
DLMT11;0,00;0,00;;;35,93;;;13.757.099,69;9,00;Ativa;
HFOF11;81,28;8,81;0,92;2.030.010,85;1,88;-10,92;-2,80;2.027.157.670,49;66.171,00;Ativa;
FPAB11;198,60;7,93;0,44;30.588,70;1,11;-10,94;-14,07;336.019.966,32;962,00;Passiva;
BBIM11;0,00;0,00;;;3,03;-6,33;;51.888.907,55;20,00;Ativa;
RDPD11;66,50;8,57;0,94;34.685,50;6,08;2,63;;76.147.024,14;826,00;Ativa;
BBFI11B;2.241,00;14,05;0,89;477.164,50;8,59;1,70;6,60;329.132.320,59;8.223,00;Passiva;
BZLI11;17,00;0,00;1,54;131.351,10;0,06;;7,67;431.455.425,43;323,00;Ativa;
BRIM11;1.012,58;0,00;1,04;130.622,00;2,17;;;121.056.329,33;196,00;Ativa;
BRCR11;66,87;8,46;0,62;2.438.544,40;0,89;-28,26;-13,10;2.857.507.812,90;130.124,00;Ativa;
HCST11;93,00;0,00;0,88;372,00;9,52;;;30.203.615,72;84,00;Ativa;
BLMG11;95,10;7,23;0,93;713.460,50;2,28;;;388.041.454,59;4.201,00;Ativa;
REIT11;820,00;10,19;1,55;1.635,00;122,53;;;13.953.711,63;61,00;Ativa;
VIUR11;80,12;4,16;0,84;260.456,00;15,53;;;258.342.180,74;3.613,00;Ativa;
RBCO11;51,98;10,23;0,52;222.403,90;3,89;;;379.891.174,90;4.745,00;Ativa;
BLMR11;7,47;6,56;0,85;582.818,10;6,05;;;225.460.215,74;4.544,00;Ativa;
RECR11;100,09;14,48;1,05;9.568.109,50;1,38;15,13;-1,01;1.844.612.969,83;118.380,00;Ativa;
PATL11;65,56;10,28;0,69;857.615,85;1,07;;;477.033.893,01;12.402,00;Ativa;
XPPR11;63,79;9,80;0,76;1.099.464,50;3,56;;;614.465.035,45;47.968,00;Ativa;
GCFF11;75,60;13,10;0,84;75.808,45;6,41;;;30.529.859,81;1.671,00;Ativa;
BLMC11;97,21;5,67;0,97;1.093,31;3,94;;;39.999.083,35;64,00;Ativa;
TORD11;10,65;13,14;0,81;1.687.668,90;1,18;;;461.396.367,48;83.404,00;Ativa;
HRDF11;1,40;0,00;1,13;1.594,00;72,02;;;9.398.483,52;1.444,00;Ativa;
RBRR11;98,00;8,68;0,98;2.748.576,45;10,24;3,95;-1,18;1.033.899.951,56;78.714,00;Ativa;
PABY11;12,18;0,00;;555,55;;;-15,38;-7.370.513,66;441,00;Passiva;
BTSI11;0,00;0,00;;;0,20;;;36.662.546,63;52,00;Ativa;
VINO11;59,04;9,65;1,00;1.993.785,20;4,91;;;745.451.696,93;91.507,00;Ativa;
ESTQ11;0,00;0,00;;;23,98;;;17.703.961,90;5,00;Ativa;
VJFD11;0,00;0,00;;;1,04;;;512.233.057,57;97,00;Ativa;
LUGG11;88,10;6,80;0,71;20.481,50;0,63;;;112.254.414,79;4.296,00;Ativa;
TEPP11;72,36;7,64;0,77;365.041,25;0,28;;;397.945.745,92;7.998,00;Ativa;
BBFO11;72,20;7,35;0,82;133.812,15;1,50;;;351.715.198,65;3.888,00;Passiva;
RBVO11;15,96;3,16;0,74;12.430,60;4,80;-46,39;-35,36;11.110.248,40;2.120,00;--;
CCRF11;107,99;1,81;1,07;2.737,33;25,16;;;157.940.681,91;23,00;Ativa;
CARE11;0,50;1,96;0,31;127.362,40;0,73;;-34,14;285.663.790,78;12.421,00;Ativa;
ARFI11B;479,99;0,00;1,26;;2,10;;;43.314.145,40;28,00;Ativa;
ERPA11;130,00;0,00;1,22;130,00;0,01;;;53.024.941,66;12,00;Passiva;
ONEF11;144,95;5,55;0,90;122.053,70;1,06;-1,41;5,12;146.356.151,50;4.078,00;Passiva;
RBTS11;1.000,00;3,63;0,96;;6,32;;;59.094.532,99;56,00;Ativa;
FIIP11B;177,31;7,95;0,89;75.684,30;2,78;-4,04;-1,93;185.644.589,21;8.862,00;Passiva;
DEVA11;103,53;16,98;1,05;7.535.017,80;3,14;;;1.075.044.399,82;52.339,00;Ativa;
RSPD11;1.200,00;0,92;1,05;19.313,00;16,82;;;170.214.851,65;108,00;Ativa;
HOSI11;75,60;8,25;0,82;19.062,90;12,40;;;52.888.543,34;2.206,00;Ativa;
PEMA11;72,10;12,22;0,80;4.215,60;0,70;;;50.035.967,80;91,00;Ativa;
FIVN11;2,27;0,00;0,33;7.926,00;0,05;;-10,35;64.604.991,54;3.124,00;Passiva;
ARCT11;101,98;19,58;0,99;341.239,30;7,11;;;164.724.630,31;6.548,00;Ativa;
BPFF11;64,06;10,47;0,81;532.300,25;4,93;-4,89;-10,71;354.102.384,87;20.600,00;Ativa;
TRXF11;99,00;8,58;0,96;2.860.992,00;5,81;;;578.875.374,53;37.298,00;Ativa;
MGFF11;64,70;10,51;0,82;1.350.534,30;4,52;-8,99;-9,23;710.399.687,20;50.637,00;Ativa;
KNRI11;135,45;6,20;0,86;3.499.860,80;4,18;-1,84;-2,96;3.800.803.257,11;232.967,00;Ativa;
BTRA11;92,00;1,48;0,92;666.212,40;59,17;;;336.049.679,75;7.950,00;Ativa;
CVPR11;0,00;0,00;;;100,43;;;9.932.297,94;1,00;Ativa;
SALI11;0,00;0,00;;;3,67;;;7.939.560,36;2,00;Passiva;
SOLR11;1.220,00;5,17;1,21;1.220,00;1,93;;;63.383.855,68;73,00;Ativa;
EQIR11;0,00;0,00;;;8,27;;;47.150.052,23;21,00;Ativa;
LGCP11;78,96;7,92;0,80;109.124,05;0,68;;;270.369.101,85;10.161,00;Ativa;
BTWR11;106,40;1,26;0,98;1.440.549,00;2,57;;;87.637.697,03;59,00;Passiva;
CJFI11;0,00;0,00;;;0,42;;;97.711.646,37;1,00;Ativa;
APTO11;0,00;0,00;;;23,85;;;9.785.814,01;12,00;Ativa;
CVBI11;101,78;13,62;1,02;3.157.663,05;1,42;;;990.958.436,13;45.442,00;Ativa;
MFII11;111,21;11,41;0,99;579.529,55;23,67;-1,85;8,65;464.488.139,53;30.057,00;Ativa;
GGRC11;112,00;8,81;0,84;1.390.194,55;3,01;3,18;-3,11;1.039.367.829,17;96.325,00;Ativa;
MGCR11;85,00;10,35;0,90;56.346,95;2,58;;;134.984.834,54;2.064,00;Ativa;
VLOL11;99,80;5,26;1,03;391.680,65;1,20;0,97;3,90;173.324.142,13;4.370,00;Passiva;
BARI11;102,27;15,18;1,00;1.634.168,60;8,84;;;473.323.915,47;29.815,00;Ativa;
SNFF11;90,20;2,75;0,98;841.303,20;11,09;;;230.635.763,32;29.763,00;Ativa;
TSNC11;0,00;0,00;;;2,54;1,11;;100.034.423,54;66,00;Ativa;
MORC11;0,00;0,00;;;17,92;;;57.650.457,61;82,00;Ativa;
DMAC11;13,00;296,00;1,49;26.524,35;101,88;;;1.365.989,10;2.133,00;Passiva;
MBRF11;730,00;11,73;0,64;56.095,00;3,88;-4,87;-10,90;116.234.506,35;2.804,00;Ativa;
GAME11;0,00;0,00;;;0,11;;;136.627.736,88;1,00;Ativa;
XPHT11;91,21;0,00;1,05;849.309,93;0,41;;;330.696.101,70;1.520,00;Ativa;
XPHT12;47,00;0,00;0,54;13.471,18;0,41;;;330.696.101,70;1.520,00;Ativa;
BRLA11;147,00;6,72;0,91;378,33;0,17;;;240.125.804,34;126,00;Passiva;
GZIT11;0,00;0,00;;;0,66;;;2.036.463.419,75;1,00;Ativa;
VTLT11;96,93;9,26;0,95;204.722,00;2,13;-2,31;-1,12;216.316.308,01;5.894,00;Ativa;
RCFA11;0,61;0,00;0,39;64.712,25;0,03;;;18.243.753,19;3.617,00;Passiva;
EURO11;204,94;8,87;0,72;59.561,00;1,85;9,90;6,53;108.970.208,94;2.506,00;Passiva;
FTCE11B;2.950,01;15,35;1,08;;6,98;;;2.490.881.861,55;57,00;Ativa;
HCRI11;369,00;9,96;1,23;44.214,05;0,62;7,41;4,00;59.832.624,38;3.124,00;Passiva;
FLRP11;1.250,00;4,95;0,75;12.178,53;1,64;-9,54;0,00;108.449.902,89;925,00;Passiva;
FOFT11;123,00;0,00;1,12;;5,10;-47,71;14,12;131.819.480,59;3.846,00;Ativa;
BICE11;0,00;0,00;;;13,73;;;10.424.910,02;90,00;Ativa;
ERCR11;79.000,00;9,58;1,04;79.000,00;0,17;;;180.352.941,80;9,00;Passiva;
RBRL11;91,40;8,81;0,86;941.912,10;12,87;;;713.309.685,10;6.919,00;Ativa;
PLRI11;39,35;7,48;0,80;14.365,70;2,48;-12,15;-20,90;46.696.898,49;784,00;Ativa;
PORD11;92,31;11,76;0,93;553.109,55;5,38;;-2,63;369.094.725,80;13.724,00;Ativa;
GTLG11;0,00;0,00;;;100,14;;;720.166.015,64;50,00;Ativa;
TBOF11;15,56;0,00;155,60;;61,60;72,22;-40,80;1.029.898,48;9.157,00;Passiva;
EDGA11;24,30;7,67;0,31;50.748,40;0,52;-13,98;-17,86;300.274.052,43;7.182,00;Passiva;
DOVL11B;21,39;41,80;0,02;;3,51;;;71.170.697,69;51,00;Ativa;
RCRI11B;1.200,00;3,83;1,84;1.200,00;22,08;;;33.278.188,33;149,00;Ativa;
FCAS11;0,00;0,00;;;186,17;;;80.684.223,04;2,00;Passiva;
RBGS11;30,81;6,31;0,34;27.417,75;0,44;8,62;-9,85;97.796.535,91;2.850,00;Passiva;
RBBV11;100,00;34,75;0,99;239.178,74;1,01;75,40;13,99;126.470.249,69;3.475,00;Passiva;
VERE11;233,49;10,84;0,74;;7,86;10,22;;173.558.279,05;53,00;Ativa;
HBTT11;1.055,00;0,00;;;;;;0,00;0,00;Ativa;
HMOC11;226,95;65,51;0,95;69.159,67;0,67;122,18;7,05;91.223.530,50;209,00;Passiva;
FVBI11;94,97;0,39;;;;142,93;-4,27;0,00;0,00;Passiva;
GRLV11;104,51;101,70;17,51;753.753,27;2.489,44;135,25;2,41;6.407.890,29;2.604,00;Passiva;
FAED11;141,50;10,13;0,66;61.204,95;1,55;-7,76;-11,70;137.397.299,85;5.158,00;Passiva;
SIGR11;0,00;0,00;;;2,17;;;13.507.722,44;20,00;Ativa;
RFOF11;77,47;9,95;0,90;148.415,00;1,02;;;93.078.665,94;6.409,00;Ativa;
BRIP11;1.015,35;0,00;1,03;1.015,00;11,13;;;116.823.182,78;233,00;Ativa;
NVIF11B;227,50;0,26;1,34;;18,46;;;57.316.614,07;7,00;Ativa;
IRIM11;113,00;1,04;1,12;68.252,70;2,32;;;130.626.995,93;1,00;Ativa;
PVBI11;87,29;7,22;0,88;2.505.403,10;4,49;;;1.001.046.289,37;49.224,00;Ativa;
LFTT11;106,97;7,34;1,77;396.368,75;23,41;;;423.916.403,52;386,00;Ativa;
KNCR11;97,70;4,81;0,98;10.004.546,15;7,06;-11,19;-2,57;3.889.332.968,75;72.583,00;Ativa;
CORM11;103,90;6,54;1,09;15.913,75;4,64;;;87.424.491,11;192,00;Ativa;
AFHI11;93,40;5,30;0,96;758.991,40;4,68;;;174.528.044,01;4.363,00;Ativa;
MCHF11;10,00;3,00;1,00;400.308,10;1,17;;;83.041.402,69;2.361,00;Ativa;
EXES11;0,00;0,00;;;1,12;;;8.324.459,46;23,00;Ativa;
RBRS11;66,00;6,82;0,73;23.089,05;22,39;;;125.756.509,71;1.177,00;Ativa;
AFOF11;81,64;6,92;0,81;150.032,15;8,65;;;69.520.499,69;2.329,00;Ativa;
PNDL11;0,00;0,00;;;62,69;;;13.616.280,04;46,00;Ativa;
HGBS11;178,50;4,29;0,83;2.339.313,25;0,46;-24,27;-5,90;2.143.980.697,65;80.882,00;Ativa;
HGPO11;224,79;6,12;0,93;442.803,20;5,37;;;423.171.317,74;10.119,00;Passiva;
RVBI11;83,00;10,20;0,94;328.190,50;2,79;;;127.536.457,54;11.230,00;Ativa;
FIGS11;55,12;5,48;0,58;155.630,40;4,57;-28,63;-6,89;268.744.128,94;16.988,00;Passiva;
BPRP11;103,86;9,01;0,96;863,36;0,07;;;145.783.117,61;204,00;Passiva;
PBLV11;926,98;8,93;0,69;;4,11;;;4.007.831.451,85;2,00;Ativa;
RBDS11;9,91;23,76;0,38;3.286,20;24,65;18,99;-67,40;3.303.496,28;1.008,00;Ativa;
FIIB11;447,20;8,44;1,01;330.088,40;1,52;5,99;3,66;303.113.916,47;16.876,00;Passiva;
BTLG11;104,05;7,60;1,04;4.302.317,75;19,83;19,25;14,19;1.526.675.257,93;142.314,00;Ativa;
FISC11;165,00;1,04;1,06;;0,20;;;255.241.751,69;69,00;Ativa;
LSPA11;0,00;0,00;;;0,81;;;40.202.773,43;220,00;Ativa;
PLOG11;80,00;6,16;0,84;59.489,55;3,95;;;71.566.334,57;1.922,00;Ativa;
CTXT11;20,40;4,41;0,43;4.944,25;0,56;-23,80;71,14;123.239.909,63;3.913,00;Passiva;
ANCR11B;3.366,00;2,68;1,00;3.366,00;1,48;;;1.519.590.924,11;61,00;Ativa;
ELDO11B;762,38;7,53;0,62;;0,18;3,05;;973.153.528,93;60,00;Passiva;
VGIR11;98,90;6,37;1,02;930.320,30;4,54;-11,87;-0,37;437.044.080,45;25.922,00;Ativa;
RCRB11;141,50;7,00;0,73;687.530,55;1,63;12,73;-2,75;716.832.509,12;30.003,00;Ativa;
SAIC11B;36,05;0,00;0,66;36,00;5,46;;-18,79;77.516.215,90;51,00;Passiva;
BTCR11;91,95;8,43;0,94;567.280,05;4,86;0,23;;469.638.941,06;10.150,00;Ativa;
KNSC11;97,64;12,49;1,07;3.469.864,00;9,59;;;726.229.506,65;34.273,00;Ativa;
BRCO11;94,22;7,04;0,87;3.005.860,10;1,83;;;1.603.955.235,27;47.863,00;Ativa;
IDFI11;100,00;2,05;0,99;61.000,00;4,79;;;103.441.331,65;6,00;Ativa;
YUFI11;0,00;0,00;;;1,36;;;37.570.225,41;10,00;Ativa;
ORPD11;132,00;0,00;0,87;594,00;0,00;;1,83;44.025.741,68;29,00;Ativa;
BZEL11;0,00;0,00;;;0,09;;;351.196.274,76;3,00;Ativa;
KEVE11;880,01;0,00;0,89;140.689,75;2,72;;;146.358.013,71;380,00;Passiva;
SARE11;75,17;8,76;0,75;629.660,90;9,28;;;922.406.101,09;11.701,00;Ativa;
VCJR11;94,78;11,45;0,98;878.236,35;6,60;;;1.119.498.390,45;7.150,00;Ativa;
MCCI11;100,00;9,50;1,00;4.843.529,15;20,56;;;1.244.687.418,79;61.998,00;Ativa;
RBRM11;94.794,81;101,64;0,69;;7,01;;;74.546.718,44;54,00;Ativa;
JPPC11;275,00;26,84;0,50;8.398,80;4,81;;-21,32;30.283.397,77;79,00;Ativa;
HUSI11;1.045,00;0,00;1,10;5.225,00;1,46;;;95.674.117,02;79,00;Ativa;
PURB11;0,00;0,00;;;21,44;;;25.393.971,69;1,00;Ativa;
XPML11;97,57;5,39;0,93;3.735.865,45;5,19;-8,74;-0,21;1.900.090.443,88;255.132,00;Ativa;
JRDM11;64,22;3,20;0,73;155.505,60;3,03;-27,20;-3,85;222.023.146,38;5.102,00;Passiva;
RBIR11;73,88;0,00;0,77;37.264,63;40,58;;;146.754.595,58;1.315,00;Ativa;
VTPA11;0,00;0,00;;;1,77;;;72.953.873,78;1,00;Ativa;
FISD11;0,00;0,00;;;0,00;;;116.401.105,70;25,00;Ativa;
ATCR11;0,00;0,00;;;0,74;;;72.803.347,60;33,00;Ativa;
SCPF11;8,63;2,78;0,68;3.523,50;2,27;-27,86;-9,36;53.297.642,47;4.582,00;Ativa;
XPCM11;20,60;26,50;0,29;181.056,30;3,46;-18,62;-39,37;169.356.058,13;31.899,00;Passiva;
ATWN11;0,00;0,00;;;0,60;;;93.186.393,65;2,00;Passiva;
BVAR11;0,00;0,00;;;1,46;30,17;;624.075.055,09;69,00;Passiva;
ABCP11;66,90;6,73;0,75;87.615,75;1,34;-4,29;-6,72;1.081.496.937,21;19.428,00;Passiva;
ARRI11;96,00;13,83;1,01;316.848,90;4,89;;;99.661.556,87;4.375,00;Ativa;
PRSN11B;0,55;4,98;1,45;2.481,45;15,81;;;19.770.318,48;1.324,00;Ativa;
LATR11B;96,00;22,91;8,16;960,00;112,47;;;1.460.304,70;163,00;Ativa;
NEWU11;34,71;0,00;0,56;1.188,15;1,00;58,77;;46.226.808,11;1.763,00;Ativa;
RZAK11;87,03;6,43;0,91;812.972,70;1,14;;;288.300.954,67;6.801,00;Ativa;
FAMB11B;1.025,00;0,00;0,30;44.529,50;7,34;-9,82;-18,16;362.428.766,52;3.301,00;Passiva;
VCRR11;80,10;4,18;0,82;56.346,00;1,65;;;196.074.387,69;1.878,00;Ativa;
HSLG11;85,71;7,13;0,76;939.889,50;4,69;;;1.427.633.963,61;16.712,00;Ativa;
